id,company,opportunity_name,opportunity_stage,close_date,product,product_name,amount,quantity_in_stock,manufacturer,dimensions
1,E,"Relic, The",demo,5/10/2024,wedliny,Ms,815.45,608,Bubbletube,large
2,B,Love Is All You Need (Den skaldede frisør),negotiation,2/13/2025,warzywa i owoce,Mr,11.07,981,Dabvine,small
3,K,Carlito's Way,won,3/9/2024,mleko i produkty mleczne,Mr,649.65,237,Agivu,medium
4,H,Emil i Lönneberga,lost,10/23/2024,ryby,Ms,843.09,121,Topiczoom,medium
5,B,"Rocketeer, The",qualification,3/21/2025,mleko i produkty mleczne,Dr,895.98,204,Topicshots,small
6,C,Soap Girl,demo,1/25/2025,jaja,Ms,773.35,562,Twitternation,small
7,B,Harvie Krumpet,won,10/10/2024,mieso,Mrs,616.06,167,Linkbuzz,large
8,I,Caught Up,qualification,3/25/2024,produkty zbozowe,Rev,308.32,856,Demizz,large
9,F,I Love Sarah Jane,presentation,5/6/2024,produkty zbozowe,Rev,551.84,770,Skibox,large
10,B,"Art of Crying, The (Kunsten at græde i kor)",lost,8/14/2024,mieso,Dr,719.14,293,Zooveo,medium
11,B,Silent Rage,qualification,1/10/2025,jaja,Rev,261.83,990,Devshare,small
12,J,Paycheck,qualification,6/6/2025,mieso,Mr,936.34,913,Meemm,large
13,E,"Man Who Knew Too Little, The",presentation,6/25/2025,warzywa i owoce,Mrs,615.29,608,Twiyo,small
14,J,Bobby,lost,1/30/2025,wedliny,Rev,825.19,43,Reallinks,medium
15,H,Abraham's Valley (Vale Abraão),negotiation,6/8/2024,mleko i produkty mleczne,Ms,91.57,633,Kwilith,large
16,G,"Departed, The",demo,6/19/2025,ryby,Honorable,632.34,384,Centidel,large
17,B,"King of Fighters, The",lead,7/17/2025,wedliny,Mr,123.61,676,BlogXS,small
18,A,Stanley Kubrick's Boxes,presentation,10/31/2024,ryby,Rev,11.27,153,Blogpad,small
19,H,"Wake Up, Ron Burgundy",lead,11/24/2024,wedliny,Honorable,914.94,205,Voomm,medium
20,C,Miss Sadie Thompson,lead,7/20/2025,mieso,Mr,418.73,116,Avavee,large
21,G,Wanted: Dead or Alive,negotiation,10/21/2025,mleko i produkty mleczne,Honorable,588.8,474,Ailane,large
22,G,Blade,won,9/8/2024,ryby,Ms,34.94,690,Wordtune,large
23,A,14 Hours (Fourteen Hours),presentation,2/23/2025,mieso,Rev,211.33,457,Realcube,large
24,E,Delgo,lost,10/14/2024,jaja,Mrs,989.66,147,Twitterbridge,large
25,C,They Call Me Bruce? (a.k.a. A Fistful of Chopsticks),lost,6/17/2025,produkty zbozowe,Ms,856.96,829,Pixope,small
26,E,Underground: The Julian Assange Story,qualification,2/25/2025,wedliny,Mr,863.77,32,Twitterbridge,medium
27,F,"Reluctant Saint, The",qualification,4/28/2024,warzywa i owoce,Ms,738.88,474,Blogtags,small
28,J,Final Destination,lost,10/6/2025,jaja,Rev,63.29,205,Dabvine,medium
29,D,A Master Builder,negotiation,5/3/2024,produkty zbozowe,Mr,668.45,764,Dabvine,small
30,E,"Godfather, The",lost,3/13/2024,jaja,Mr,728.35,912,Eimbee,medium
31,D,Time Out (L'emploi du temps),negotiation,9/14/2025,produkty zbozowe,Honorable,926.97,432,Skynoodle,small
32,I,"Scotland, Pa.",lost,10/27/2024,wedliny,Honorable,28.05,113,Kwideo,medium
33,J,"Mystery, Alaska",lead,6/30/2024,wedliny,Mr,6.82,654,Dabshots,large
34,A,Bastards,lost,6/1/2024,mieso,Dr,54.34,143,Eazzy,medium
35,I,Duplicate,lead,1/3/2026,ryby,Honorable,963.68,718,Zoombox,small
36,E,"Edge, The (Kray)",presentation,5/23/2024,tluszcze,Dr,748.35,173,Devshare,medium
37,C,Ten Minutes Older,qualification,5/10/2024,jaja,Honorable,240.22,799,Yakitri,large
38,D,"Homecoming, The",lost,5/23/2025,mieso,Honorable,608.87,498,Meemm,large
39,G,"Definitely, Maybe",presentation,1/4/2025,produkty zbozowe,Honorable,700.45,174,Yakitri,large
40,A,"Willow Tree, The (Beed-e majnoon)",lost,9/11/2025,ryby,Dr,132.17,317,Yakitri,large
41,F,Victory,negotiation,10/14/2024,jaja,Dr,595.44,836,Brainlounge,medium
42,H,"Violent Years, The",qualification,11/5/2024,tluszcze,Mrs,273.27,379,Gigazoom,large
43,K,Blink,presentation,10/1/2025,mieso,Mr,42.43,903,Livetube,large
44,C,"Terrorist, The (a.k.a. Malli) (Theeviravaathi)",lead,2/9/2025,warzywa i owoce,Ms,71.98,795,Twinder,medium
45,G,"Eye, The",negotiation,1/24/2025,mieso,Dr,370.89,184,Riffwire,small
46,A,Blind Dating,qualification,9/18/2024,produkty zbozowe,Mr,660.65,858,Zooxo,large
47,K,Vali,lead,8/15/2024,warzywa i owoce,Dr,922.64,822,Browsedrive,large
48,L,Human Capital (Il capitale umano),negotiation,11/5/2024,tluszcze,Dr,138.85,872,Gigaclub,large
49,A,"Clockwork Orange, A",negotiation,4/1/2025,jaja,Honorable,500.74,914,Vidoo,medium
50,B,Juno and the Paycock,demo,6/11/2024,tluszcze,Rev,605.41,364,Kwimbee,small
51,A,McCullin,presentation,11/24/2024,mleko i produkty mleczne,Dr,356.28,628,Bubblemix,medium
52,C,"Batman: The Dark Knight Returns, Part 1",presentation,12/17/2025,produkty zbozowe,Honorable,624.9,883,Ntag,medium
53,E,For the Boys,lost,9/13/2024,mieso,Honorable,606,948,Zoombeat,small
54,H,"Cincinnati Kid, The",lost,11/22/2025,mleko i produkty mleczne,Honorable,464.23,71,Dabvine,small
55,B,"Wind and the Lion, The",presentation,8/31/2024,produkty zbozowe,Ms,44.75,171,Skipfire,medium
56,H,Sybil,won,8/23/2025,wedliny,Dr,565.42,1000,Edgeify,medium
57,I,"Beat That My Heart Skipped, The (battre mon coeur s'est arrêté, De)",presentation,8/1/2024,jaja,Mr,367.07,885,Divape,large
58,E,"Happiest Days of Your Life, The",presentation,3/3/2024,jaja,Rev,70.57,190,Jabbercube,small
59,J,Absurdistan,lead,4/1/2024,warzywa i owoce,Dr,368.6,738,Youspan,small
60,B,"King and the Mockingbird, The (Le roi et l'oiseau)",won,10/11/2024,tluszcze,Dr,379.09,222,Eabox,small
61,C,Escape from Alcatraz,lost,10/11/2025,ryby,Rev,261.97,311,Blogtags,large
62,L,"Eila, Rampe and Likka",negotiation,2/1/2025,jaja,Mrs,328.57,774,Omba,small
63,L,Now!,lead,10/21/2024,produkty zbozowe,Dr,182.19,618,Wikizz,small
64,E,Pandaemonium,qualification,4/8/2025,warzywa i owoce,Dr,541.99,966,Cogibox,large
65,E,"Mole People, The",presentation,10/11/2025,mieso,Rev,351.37,882,Skinix,large
66,L,"Man Who Saw Tomorrow, The",qualification,5/18/2024,tluszcze,Dr,221.62,992,Eabox,medium
67,E,Eagle Eye,presentation,10/21/2025,mieso,Dr,248.36,450,Yamia,medium
68,F,Doubting Thomas,won,11/19/2024,mieso,Mr,169.31,318,Jatri,medium
69,C,Fear Me Not (Den du frygter),presentation,9/30/2025,mieso,Dr,318.06,39,Flipstorm,small
70,J,Ghost Rider,won,8/28/2025,warzywa i owoce,Mr,280.04,694,Lazzy,medium
71,D,Outland,lost,8/28/2025,mleko i produkty mleczne,Rev,716.21,943,Vinte,large
72,L,Momma's Man,presentation,4/17/2025,mleko i produkty mleczne,Dr,129.72,370,Eadel,medium
73,F,Drug War (Du zhan),negotiation,10/25/2025,mleko i produkty mleczne,Honorable,632.62,159,Gevee,large
74,G,"Babe, The",demo,1/25/2026,tluszcze,Honorable,154.9,580,Fivespan,medium
75,G,"Gay Bed and Breakfast of Terror, The",lost,9/9/2025,ryby,Mr,613.64,293,Youfeed,large
76,D,Hider in the House,negotiation,12/3/2025,jaja,Mrs,510.94,40,Aibox,medium
77,J,Jersey Boys,won,12/31/2025,tluszcze,Rev,602.15,139,Pixonyx,small
78,A,Chronicle of an Escape (Crónica de una fuga),lead,12/23/2024,mieso,Mr,998.7,376,Twitterwire,medium
79,J,Mighty Joe Young,presentation,11/27/2024,warzywa i owoce,Ms,835.29,396,Chatterbridge,small
80,A,"Story of Seabiscuit, The",demo,4/6/2025,jaja,Mr,690.42,673,Cogilith,medium
81,B,"Pebble and the Penguin, The",qualification,7/11/2025,ryby,Ms,267.23,743,Voonder,large
82,L,The New Centurions,presentation,2/14/2025,warzywa i owoce,Ms,83.98,215,Twinder,large
83,E,Amityville: A New Generation,lead,5/15/2025,mieso,Mrs,419.15,120,Snaptags,large
84,A,"Wave, The",presentation,7/20/2024,ryby,Dr,667.91,99,Ailane,medium
85,H,"American Rhapsody, An",lead,2/26/2024,wedliny,Mrs,345.43,187,Eamia,medium
86,C,Fingers at the Window,lead,7/26/2025,warzywa i owoce,Mrs,354.99,791,Yombu,small
87,B,Belarmino,demo,4/17/2024,produkty zbozowe,Dr,669.37,452,Gabtype,large
88,K,Casual Relations,presentation,11/2/2024,produkty zbozowe,Mr,315.83,412,Fanoodle,small
89,D,Euphoria (Eyforiya),demo,12/26/2024,mleko i produkty mleczne,Rev,689.64,343,Gabvine,medium
90,B,Dear John,negotiation,11/10/2024,wedliny,Mrs,911.47,922,Dynazzy,large
91,B,Like Crazy,presentation,2/28/2025,wedliny,Mr,303.77,965,Browseblab,medium
92,A,Alexander,lead,1/29/2026,wedliny,Dr,591.7,965,Skinte,large
93,K,"Happiest Girl in the World, The (Cea mai fericita fata din lume)",lead,11/19/2025,ryby,Dr,152.9,332,Thoughtstorm,large
94,F,"Children Are Watching Us, The (Bambini ci guardano, I)",negotiation,1/18/2026,mieso,Ms,598.43,134,Feedspan,large
95,J,Marked Woman,lead,9/25/2025,warzywa i owoce,Rev,226.36,160,Centizu,large
96,K,Licence to Kill,won,6/11/2025,mieso,Mrs,883.04,500,Rhyloo,small
97,L,Enemy Mine,negotiation,1/12/2026,mieso,Dr,210.52,469,Aivee,large
98,B,Land of the Blind,demo,10/5/2025,produkty zbozowe,Rev,979.18,582,Wikido,medium
99,B,"Many Adventures of Winnie the Pooh, The",demo,12/27/2025,mleko i produkty mleczne,Ms,226.9,673,Rhynyx,large
100,C,Dead Silence,qualification,6/23/2025,tluszcze,Mr,507.02,796,Minyx,medium
101,F,"Truth About Cats & Dogs, The",lost,11/26/2025,wedliny,Mr,435.87,439,Skajo,small
102,K,"Glass Agency, The (Ajans-E Shisheh-I)",lost,9/9/2025,ryby,Honorable,543.02,578,Feedmix,large
103,I,"Mudge Boy, The",lead,4/30/2024,mleko i produkty mleczne,Rev,222.92,261,Realmix,small
104,H,"Cure, The",lost,7/11/2024,mleko i produkty mleczne,Mr,10.66,527,Feedfire,small
105,H,Babylon 5,negotiation,4/22/2024,mleko i produkty mleczne,Rev,374.62,862,Yodo,small
106,C,"You, the Living (Du levande)",presentation,3/12/2025,tluszcze,Mrs,270.95,165,Realpoint,small
107,I,High and Dry,lost,1/2/2026,tluszcze,Rev,358.69,430,Jetwire,small
108,C,Richard Pryor: Live in Concert,qualification,1/17/2025,produkty zbozowe,Mr,979.85,218,Jabberbean,small
109,K,"Deaths of Ian Stone, The",demo,8/30/2024,mleko i produkty mleczne,Dr,148.11,578,Vidoo,large
110,K,Nights and Weekends,lead,10/18/2025,ryby,Rev,958.72,340,Thoughtblab,small
111,A,Vengeance is Mine (Fukushu suruwa wareniari),negotiation,4/21/2025,mleko i produkty mleczne,Dr,286.64,923,Twitterlist,large
112,C,Fellini's Roma (Roma),negotiation,9/28/2025,tluszcze,Rev,298.38,230,Zoombox,medium
113,F,In the Heart of the Sea,demo,11/8/2025,mleko i produkty mleczne,Dr,317.65,81,Gigabox,medium
114,H,"Pianist, The",qualification,2/26/2024,ryby,Honorable,944.9,506,Dabjam,small
115,L,"Darwin Awards, The",lead,6/14/2025,mieso,Dr,164.65,209,Thoughtworks,small
116,G,"Last Mistress, The (vieille maîtresse, Une)",won,4/28/2025,mieso,Mrs,453.42,309,Cogidoo,large
117,D,Simon Says,qualification,9/7/2024,warzywa i owoce,Ms,431.31,626,Buzzshare,large
118,J,Rocky IV,demo,4/27/2024,jaja,Rev,67.67,749,Buzzster,small
119,F,"Immigrant, The",won,4/12/2024,ryby,Mrs,501.06,627,Rhyzio,small
120,E,Brothers at War,demo,12/4/2025,mleko i produkty mleczne,Dr,507.74,723,Eazzy,small
121,F,Bad Girls Go To Hell,presentation,6/13/2024,tluszcze,Mr,788.15,969,DabZ,medium
122,F,Hana (Hana yori mo naho),negotiation,9/28/2024,tluszcze,Rev,352.28,677,Divape,large
123,D,Deadfall,demo,7/27/2025,mleko i produkty mleczne,Ms,413.45,387,Realmix,large
124,E,Charlie Chan in The Chinese Cat,qualification,4/14/2024,wedliny,Dr,310.33,845,Ailane,small
125,J,Harriet the Spy,demo,12/8/2025,mieso,Dr,850.53,332,Skivee,medium
126,C,Redwood Highway,qualification,1/24/2025,mieso,Honorable,421.95,721,Feedbug,large
127,F,"Big Day, The (We Met on the Vineyard)",demo,8/8/2024,ryby,Ms,571.01,205,Twinte,large
128,E,"Last Valley, The",lost,6/2/2024,jaja,Ms,25.8,902,Centimia,medium
129,J,Bruiser,demo,12/6/2025,produkty zbozowe,Rev,57.16,785,Flipstorm,medium
130,L,Sabata,demo,7/24/2024,produkty zbozowe,Ms,618.33,721,Skalith,small
131,J,Rivers and Tides,negotiation,5/18/2025,wedliny,Ms,899.62,60,Jetpulse,small
132,H,Hot Shots! Part Deux,lead,6/23/2024,mleko i produkty mleczne,Rev,903.83,398,Flashdog,small
133,E,Midnight Chronicles,presentation,12/27/2025,mieso,Dr,650.46,487,Realcube,small
134,B,"Letter for the King, The (Brief voor de koning, De)",qualification,10/12/2024,mieso,Dr,468.94,337,Skivee,small
135,B,Prince of Persia: The Sands of Time,presentation,11/23/2025,tluszcze,Dr,166.85,76,Jabbersphere,small
136,G,Back In Action,qualification,3/17/2025,jaja,Ms,680.83,783,Wikizz,large
137,I,White Material,won,4/16/2025,jaja,Ms,931.8,66,Meejo,small
138,G,Crisis (Kris),negotiation,7/25/2025,wedliny,Ms,725.4,456,Gabtype,small
139,I,Après lui,lead,8/30/2025,mleko i produkty mleczne,Dr,493.08,674,Brainbox,large
140,J,Prozac Nation,demo,9/18/2024,mleko i produkty mleczne,Mr,961.14,36,Brightdog,small
141,A,"Man Who Saw Tomorrow, The",won,9/18/2025,ryby,Mrs,950.79,836,Vitz,medium
142,H,Nameless Gangster (Bumchoiwaui junjaeng),negotiation,5/25/2025,tluszcze,Ms,814.66,347,Bubbletube,large
143,I,Song of the South,won,2/3/2025,jaja,Ms,575.07,14,Jaxbean,small
144,E,Fires on the Plain (Nobi),won,9/13/2025,warzywa i owoce,Rev,495.58,383,Devpoint,small
145,K,Brothers,presentation,2/27/2025,mieso,Dr,111.67,152,Feedbug,large
146,A,Georg,qualification,3/8/2024,tluszcze,Honorable,679.42,276,Devbug,large
147,D,"Statue of Liberty, The",negotiation,3/27/2024,wedliny,Mrs,250.17,373,Skippad,large
148,K,Brother 2 (Brat 2),won,9/6/2024,produkty zbozowe,Dr,670.29,421,Edgeblab,medium
149,L,Paziraie Sadeh,qualification,4/18/2025,mleko i produkty mleczne,Mr,958.32,189,Twiyo,large
150,L,Grateful Dead,qualification,8/19/2024,warzywa i owoce,Rev,722.44,285,Youspan,large
151,H,Siegfried,demo,3/16/2025,tluszcze,Ms,783.56,676,Yoveo,medium
152,F,"City, The (Ciudad, La)",lost,1/22/2026,tluszcze,Ms,466.98,102,Browsezoom,large
153,K,Dirty Pictures,qualification,9/7/2024,mieso,Honorable,845.82,486,Blogtags,small
154,A,"Roommate, The",lost,7/5/2025,tluszcze,Rev,944.64,497,Zooveo,medium
155,L,"Galaxy Invader, The",qualification,8/23/2024,tluszcze,Dr,7.75,32,Flipbug,large
156,L,"Haunted, The",qualification,3/12/2024,tluszcze,Mrs,161.59,328,Mudo,medium
157,H,Possessed,lost,8/30/2024,produkty zbozowe,Rev,811.3,142,Oyoba,medium
158,A,Fear Strikes Out,won,9/19/2025,produkty zbozowe,Dr,632.21,158,Eire,medium
159,L,"Story of Me, The (O contador de histórias)",qualification,8/25/2024,wedliny,Rev,605.2,583,Babbleset,large
160,F,"Perfect Man, A",qualification,9/21/2025,mieso,Mrs,96.49,300,Skivee,large
161,H,War of the Wildcats (In Old Oklahoma),demo,8/11/2024,warzywa i owoce,Ms,884.68,737,Rhycero,large
162,E,Mad Dog and Glory,negotiation,5/1/2025,mieso,Mrs,935.27,28,Ntags,medium
163,I,MC5*: A True Testimonial,negotiation,8/14/2024,warzywa i owoce,Honorable,172.4,318,Flashpoint,medium
164,J,Sealed Cargo,won,7/21/2024,mleko i produkty mleczne,Ms,106.53,530,Riffwire,medium
165,G,Crossworlds,negotiation,4/29/2024,wedliny,Mr,499.62,993,Aimbu,medium
166,H,Total Recall,negotiation,1/6/2025,warzywa i owoce,Mrs,932.56,804,Meetz,large
167,H,Burnt Money (Plata Quemada),won,7/17/2024,produkty zbozowe,Ms,296.44,849,Trunyx,medium
168,G,What Price Glory,lost,3/26/2024,produkty zbozowe,Honorable,864.94,210,Skajo,medium
169,B,Mahogany,won,2/16/2025,mleko i produkty mleczne,Honorable,281.97,122,Trunyx,large
170,A,Death of a Salesman,lead,9/11/2024,wedliny,Dr,707.77,857,Jabbersphere,large
171,L,Manic,lost,1/19/2025,produkty zbozowe,Mr,377.03,435,Ooba,large
172,F,At First Sight,won,7/29/2025,wedliny,Ms,147.4,877,Yotz,small
173,C,"Sudden Wealth of the Poor People of Kombach, The (Der plötzliche Reichtum der armen Leute von Kombach)",lost,1/21/2026,warzywa i owoce,Dr,141.7,165,Gevee,medium
174,H,"Diamond Arm, The (Brilliantovaya ruka)",qualification,3/5/2025,produkty zbozowe,Mr,839.3,874,Yacero,small
175,C,"Four Horsemen of the Apocalypse, The",lost,12/13/2024,mleko i produkty mleczne,Ms,84.9,152,Cogibox,large
176,G,"Hard Corps, The",negotiation,12/23/2025,warzywa i owoce,Dr,658.44,564,Demivee,medium
177,D,Lady Liberty,negotiation,5/31/2024,mleko i produkty mleczne,Ms,229.96,801,Skiptube,medium
178,E,"Gestapo's Last Orgy, The (L'ultima orgia del III Reich)",negotiation,12/11/2024,ryby,Rev,37.77,772,Flashset,large
179,F,Cyrano de Bergerac,presentation,6/17/2024,ryby,Ms,750.39,762,Skyble,medium
180,E,Vendetta,demo,4/16/2024,ryby,Honorable,893.76,34,Voonyx,large
181,K,Escobar: Paradise Lost,qualification,7/20/2024,mleko i produkty mleczne,Ms,590.62,889,Yodo,large
182,I,Arnulf Rainer,lost,1/11/2026,jaja,Mr,747.98,640,Voonyx,large
183,J,Hunger,won,7/28/2025,produkty zbozowe,Mr,902.92,781,Aivee,large
184,B,Days of Glory,won,3/16/2024,ryby,Rev,571.6,236,Dazzlesphere,large
185,E,I Capture the Castle,negotiation,7/23/2025,warzywa i owoce,Ms,511.53,186,Twitterbridge,small
186,K,"Truth, The ",presentation,7/26/2025,wedliny,Honorable,599.74,401,Brainverse,small
187,A,Ingeborg Holm,qualification,11/28/2025,produkty zbozowe,Dr,835.94,14,Twitternation,large
188,L,Detachment,lead,8/26/2024,wedliny,Honorable,163.5,986,Brainbox,large
189,J,Evelyn Prentice,qualification,3/16/2024,jaja,Rev,887.71,951,Fiveclub,medium
190,G,Night Train,presentation,10/27/2024,ryby,Honorable,471.16,741,Skiptube,large
191,L,Bernard and Doris,lead,9/30/2025,jaja,Ms,981.27,851,Kazio,large
192,F,"Devil's Eye, The (Djävulens öga)",demo,5/24/2025,mieso,Mrs,699.97,314,Oyonder,small
193,B,Apollo 13: To the Edge and Back,negotiation,8/16/2024,wedliny,Mr,372,467,Viva,medium
194,K,"Big Doll House, The",negotiation,10/11/2025,mieso,Rev,888.55,930,Edgepulse,small
195,E,I'm Starting From Three (Ricomincio da Tre),lead,4/1/2024,tluszcze,Rev,485.34,386,Photospace,medium
196,I,Toast,demo,11/15/2024,warzywa i owoce,Dr,614.13,323,Skiptube,large
197,A,Rio Lobo,won,12/18/2025,jaja,Mr,732.79,363,Innojam,large
198,F,"Signal, The (Señal, La)",demo,1/26/2025,tluszcze,Rev,458.85,840,Leenti,medium
199,K,Skenbart: En film om tåg,won,5/17/2025,tluszcze,Dr,280.03,90,Buzzbean,small
200,L,High School Hellcats,negotiation,6/6/2025,tluszcze,Rev,717.81,239,Fadeo,medium
201,F,Surf Nazis Must Die,lead,1/12/2026,ryby,Rev,124.52,262,Meejo,small
202,D,Chloe,presentation,4/25/2025,mleko i produkty mleczne,Mr,596.85,270,Jaxbean,small
203,B,Come Out and Play,won,6/9/2025,produkty zbozowe,Rev,433.79,278,Wordware,large
204,D,Black and White,qualification,7/15/2025,jaja,Mr,181.99,566,Reallinks,small
205,F,All the Little Animals,presentation,11/3/2025,mleko i produkty mleczne,Honorable,888.11,838,Zazio,large
206,G,"300 Spartans, The",qualification,5/25/2025,tluszcze,Mrs,460.68,122,Tagfeed,large
207,H,Resistance,negotiation,5/6/2024,tluszcze,Mr,514.95,56,Rhynyx,small
208,K,"Enigma of Kaspar Hauser, The (a.k.a. Mystery of Kaspar Hauser, The) (Jeder für sich und Gott Gegen Alle)",negotiation,1/6/2025,mieso,Mrs,767.79,629,Lajo,medium
209,C,The Fighting 69th,presentation,6/20/2025,ryby,Honorable,350.47,14,Skippad,small
210,B,"Man Vanishes, A (Ningen Johatsu)",negotiation,1/4/2025,wedliny,Rev,748.19,419,Pixonyx,small
211,H,Ruggles of Red Gap,won,5/25/2024,warzywa i owoce,Honorable,418.21,660,Cogibox,medium
212,F,Aces and Eights,lost,10/12/2025,mleko i produkty mleczne,Rev,69.45,17,Reallinks,small
213,C,"Twilight Samurai, The (Tasogare Seibei)",lead,5/22/2024,warzywa i owoce,Dr,745.23,792,Roombo,small
214,D,Houdini,negotiation,1/26/2026,warzywa i owoce,Rev,300.38,772,Yabox,small
215,L,Bad Girl,qualification,1/21/2025,mleko i produkty mleczne,Mr,421.47,936,Shuffletag,medium
216,F,Knight and Day,negotiation,8/7/2024,warzywa i owoce,Ms,596.31,669,Kaymbo,small
217,B,Mao's Last Dancer,won,11/9/2025,tluszcze,Honorable,23.08,834,Skyba,large
218,C,Eagle vs Shark,presentation,10/28/2024,mieso,Mrs,401.75,449,Oodoo,small
219,C,Fly Away,won,6/2/2024,tluszcze,Rev,729.61,642,Vinte,medium
220,G,"Scarlet Letter, The (Der scharlachrote Buchstabe)",presentation,4/1/2024,jaja,Honorable,612.31,348,Realfire,small
221,A,"Killing of America, The",lead,8/2/2025,warzywa i owoce,Mr,251.78,711,Zoovu,small
222,D,Final Cut,qualification,5/15/2024,tluszcze,Mrs,469.99,554,Buzzbean,medium
223,F,Dark Horse,presentation,7/25/2024,ryby,Dr,935.11,95,Mynte,large
224,L,Medium Cool,qualification,10/6/2024,warzywa i owoce,Honorable,934.82,164,Pixonyx,small
225,I,Horror of the Zombies,negotiation,11/4/2024,wedliny,Mrs,741.94,214,Fivespan,small
226,F,Film Geek,qualification,4/7/2025,mieso,Rev,807.77,741,Quimm,small
227,H,"Groundstar Conspiracy, The",negotiation,10/9/2024,mleko i produkty mleczne,Mr,822.42,959,Photobug,small
228,H,"Redhead from Wyoming, The",qualification,9/29/2025,mleko i produkty mleczne,Mrs,111.06,628,Katz,small
229,C,Rain,lost,7/15/2024,wedliny,Mrs,732.6,74,Gigaclub,medium
230,C,Upperworld,negotiation,7/9/2025,mleko i produkty mleczne,Dr,77.33,655,Fliptune,medium
231,F,Carbon Copy,demo,5/9/2025,warzywa i owoce,Ms,326.14,536,Photospace,large
232,D,Bigfoot,lead,4/3/2024,tluszcze,Dr,416.76,8,Zoomlounge,medium
233,L,Smoke Signals,demo,4/8/2024,mleko i produkty mleczne,Mrs,502.75,205,Twimm,small
234,C,Angel,presentation,4/14/2024,mieso,Honorable,487.79,564,Realcube,large
235,I,Why Be Good?,lost,8/5/2025,ryby,Rev,225.08,826,Fanoodle,small
236,H,Teenage Mutant Ninja Turtles III,lead,11/12/2025,produkty zbozowe,Mr,746.78,73,Edgewire,small
237,G,Rize,negotiation,9/8/2024,mieso,Mr,734.05,554,Skyvu,large
238,D,Friday the 13th,qualification,11/30/2024,mieso,Mr,976.87,315,Leenti,small
239,F,"Marc Pease Experience, The",qualification,9/10/2025,jaja,Rev,745.59,951,Miboo,medium
240,L,The Key,qualification,12/25/2025,produkty zbozowe,Rev,666.52,723,Trilia,small
241,D,"Trio, The (Trio, Das)",negotiation,6/12/2024,jaja,Mrs,55.15,857,Jabbertype,medium
242,A,"Englishman in New York, An",won,2/23/2025,mieso,Ms,149.26,283,Wikivu,large
243,H,Kariera Nikosia Dyzmy,demo,1/23/2025,mieso,Mr,354.8,722,Skidoo,large
244,F,Children of the Corn 666: Isaac's Return,demo,8/6/2025,tluszcze,Honorable,98.58,837,Jamia,small
245,C,Slam Dance,won,11/21/2025,wedliny,Honorable,239.24,526,Dabtype,large
246,C,Home for the Holidays,won,11/12/2024,mleko i produkty mleczne,Mrs,492.4,426,Geba,medium
247,G,30 Days of Night: Dark Days,lead,8/25/2025,tluszcze,Dr,325.69,792,Blognation,small
248,L,Hard Target,qualification,3/8/2024,jaja,Honorable,856.21,357,Livefish,small
249,F,Best of the Best,qualification,7/17/2024,ryby,Ms,24.84,458,Gabtype,small
250,J,Carandiru,qualification,1/29/2026,produkty zbozowe,Mrs,688.96,654,Voonder,medium
251,E,Winter Solstice,won,3/13/2024,wedliny,Ms,499.75,917,Bubbletube,large
252,I,Space Station 76,won,5/25/2024,warzywa i owoce,Rev,562.43,98,Tagtune,small
253,A,"Rutles: All You Need Is Cash, The",presentation,12/18/2024,wedliny,Mrs,417.08,531,Kanoodle,large
254,K,Von Richthofen and Brown,presentation,5/31/2025,wedliny,Dr,628.55,385,Tagcat,large
255,J,Bicycle Thieves (a.k.a. The Bicycle Thief) (a.k.a. The Bicycle Thieves) (Ladri di biciclette),lead,3/9/2025,mleko i produkty mleczne,Mr,211.97,619,Jatri,medium
256,C,"Jolson Story, The",negotiation,11/6/2024,mieso,Ms,231.42,447,Feedfire,small
257,A,Making Contact (a.k.a. Joey),lead,10/29/2024,mleko i produkty mleczne,Mr,544.45,650,Realfire,small
258,G,"Night the Lights Went Out in Georgia, The",qualification,11/29/2025,jaja,Rev,382.87,979,Camimbo,small
259,J,Peculiarities of the National Fishing (Osobennosti natsionalnoy rybalki),lead,6/12/2025,warzywa i owoce,Honorable,929.2,667,Youspan,medium
260,J,I'm with Lucy,won,6/6/2024,ryby,Mr,361.94,294,Muxo,small
261,J,"Cocoanuts, The",won,10/12/2024,warzywa i owoce,Dr,59.77,127,Jetwire,large
262,B,"Black Orchid, The",presentation,4/27/2025,ryby,Mr,625.81,623,Cogibox,medium
263,K,"Legend of Zorro, The",lead,1/24/2026,wedliny,Honorable,307.09,540,Gabcube,large
264,J,Sister Kenny,lost,4/18/2024,mleko i produkty mleczne,Rev,848.66,777,Trunyx,small
265,B,RoboGeisha (Robo-geisha),demo,3/4/2024,mleko i produkty mleczne,Ms,978.93,821,Tagchat,large
266,J,Lady Killer,negotiation,7/31/2025,ryby,Ms,187.57,306,Bluezoom,medium
267,J,Million Dollar Mermaid,lead,6/18/2024,jaja,Ms,685.72,114,Trilith,large
268,A,"Sadist, The",qualification,5/2/2024,ryby,Mr,966.72,533,DabZ,small
269,G,"Fine, Totally Fine (Zenzen Daijobu)",presentation,1/9/2025,ryby,Honorable,800.54,732,Photofeed,large
270,D,"Story of My Life, The (Mensonges et trahisons et plus si affinités...)",qualification,1/17/2026,mleko i produkty mleczne,Mrs,798.13,758,Voonyx,large
271,C,Judith of Bethulia,lead,8/25/2025,tluszcze,Ms,85.72,52,Divape,small
272,L,"I Are You, You Am Me (Tenkosei)",presentation,1/21/2026,wedliny,Ms,256.95,495,Agimba,large
273,A,The Cruel Sea,lead,3/24/2025,mieso,Dr,603.18,35,Mudo,small
274,K,"Wedding in Blood (Noces rouges, Les)",lost,1/4/2025,ryby,Mr,177.81,142,Mybuzz,small
275,B,Ocho apellidos vascos,lost,10/29/2024,jaja,Rev,420.87,529,Yabox,small
276,H,After...,won,10/7/2024,produkty zbozowe,Honorable,292.98,42,Jaxworks,large
277,L,Alien Nation: Body and Soul,qualification,6/14/2025,wedliny,Mr,954.35,7,Topiczoom,small
278,C,"Dirty Dozen, The",won,1/11/2025,jaja,Mr,309.85,161,Topicstorm,large
279,C,Close to Home (Karov La Bayit),demo,8/9/2024,produkty zbozowe,Mrs,867.37,946,Roomm,small
280,L,Life 2.0,negotiation,12/20/2025,tluszcze,Dr,652.38,526,Mudo,small
281,I,Disneyland Dream,won,10/15/2024,mieso,Ms,526.27,670,Voonix,small
282,F,"Red Squirrel, The (Ardilla roja, La)",lead,11/6/2024,mieso,Dr,14.3,952,Cogibox,medium
283,B,"Ace of Aces (a.k.a. Super Ace, The) (As des as, L')",negotiation,9/18/2025,ryby,Mr,38.15,292,Zooxo,medium
284,A,Five Graves to Cairo,demo,10/29/2025,tluszcze,Dr,762.4,327,Tagchat,small
285,H,Single White Female 2: The Psycho,negotiation,9/16/2025,warzywa i owoce,Honorable,49.46,533,Midel,small
286,F,Charlie Chan in London,lost,1/28/2025,ryby,Mrs,673.08,441,Chatterpoint,large
287,H,Leningrad Cowboys Go America,presentation,6/20/2025,wedliny,Rev,202.76,941,Kwideo,large
288,I,My Mother Likes Women (A mi madre le gustan las mujeres),qualification,8/29/2025,jaja,Rev,444.86,555,Dablist,small
289,E,Urgh! A Music War,demo,7/29/2024,tluszcze,Mrs,196.1,237,Fivespan,large
290,J,"Business of Strangers, The",demo,1/24/2025,warzywa i owoce,Mr,624.24,173,Meemm,medium
291,L,Kocken,qualification,7/13/2025,warzywa i owoce,Dr,529.19,335,Tekfly,small
292,B,Murderball,negotiation,3/22/2025,ryby,Mr,588.56,990,Midel,large
293,H,"Cool, Dry Place, A",negotiation,3/21/2025,wedliny,Mr,504.63,147,Tagpad,large
294,H,Martín (Hache),presentation,1/10/2026,mleko i produkty mleczne,Mrs,199.7,487,Thoughtstorm,large
295,E,Dracula (Bram Stoker's Dracula),lead,1/1/2025,wedliny,Mr,363.92,669,Teklist,medium
296,A,What Maisie Knew,lost,6/13/2024,ryby,Rev,193.73,827,Jabbersphere,large
297,D,Taming the Fire (Ukroshcheniye ognya),won,5/29/2024,mleko i produkty mleczne,Honorable,345.66,386,Meembee,medium
298,C,Querelle,negotiation,2/27/2024,warzywa i owoce,Dr,948.52,381,Riffwire,large
299,A,SLC Punk!,won,1/11/2025,produkty zbozowe,Honorable,485.39,338,Plambee,small
300,G,"Mummy's Hand, The",demo,5/8/2024,jaja,Ms,45.96,869,Twitterbeat,large
301,H,Warriors of Heaven and Earth (Tian di ying xiong),lead,4/18/2025,mleko i produkty mleczne,Honorable,698.96,25,Meetz,medium
302,E,The Brass Legend,qualification,4/8/2025,tluszcze,Rev,173.95,811,Tazzy,medium
303,H,September,qualification,11/7/2024,tluszcze,Mrs,616.75,412,Kaymbo,large
304,G,Yes Man,lost,8/6/2025,wedliny,Ms,61.47,189,Rhynoodle,large
305,D,I Think We're Alone Now,qualification,7/26/2024,warzywa i owoce,Dr,713.64,943,Edgewire,small
306,G,In Between Days,negotiation,11/7/2024,mieso,Ms,924.68,118,Talane,large
307,E,They Call Me Renegade,negotiation,9/29/2025,ryby,Dr,784.76,434,Yabox,large
308,H,National Velvet,demo,9/1/2024,ryby,Mr,601.44,298,Ntags,medium
309,H,Jennifer 8,qualification,10/24/2024,jaja,Dr,749.75,109,Aibox,large
310,L,Jungleground,demo,2/28/2024,wedliny,Dr,664.99,414,Brainbox,small
311,J,The Gunman,presentation,3/9/2025,mleko i produkty mleczne,Dr,504.32,400,Buzzster,large
312,L,Terms of Endearment,won,5/8/2025,jaja,Dr,141.64,32,Eayo,medium
313,C,Spring Forward,lead,9/10/2025,jaja,Mr,462.8,494,Tagpad,medium
314,K,Emmett's Mark,presentation,6/12/2025,warzywa i owoce,Mr,984.58,703,Leexo,small
315,K,Barbie: A Perfect Christmas,lead,10/13/2025,ryby,Mrs,746.9,937,Eire,large
316,A,"Waiting Room, The",negotiation,12/2/2024,mleko i produkty mleczne,Rev,429.48,31,Dynabox,medium
317,G,Amores Perros (Love's a Bitch),lead,3/17/2024,produkty zbozowe,Mrs,486.71,528,Digitube,large
318,B,Heidi,won,9/20/2024,ryby,Mr,803.54,674,Skibox,small
319,K,"Da Vinci Code, The",negotiation,8/20/2025,mleko i produkty mleczne,Dr,852.93,697,Wikizz,medium
320,J,Drunken Tai Chi (Siu taai gik),presentation,10/19/2024,ryby,Mrs,94.44,103,Zoombeat,large
321,H,Scott Walker: 30 Century Man,lead,4/11/2024,ryby,Mr,294.17,239,Yodel,medium
322,E,Together Again,lost,12/17/2025,wedliny,Dr,926.04,563,Babbleopia,small
323,H,Big Shot: Confessions of a Campus Bookie,presentation,3/20/2025,mleko i produkty mleczne,Rev,622.82,584,Riffpath,medium
324,E,Where's Poppa?,qualification,10/10/2025,warzywa i owoce,Mrs,887.33,911,Meedoo,medium
325,H,Last Cowboy Standing (Skavabölen pojat),won,8/30/2025,warzywa i owoce,Mr,816.6,558,Thoughtblab,large
326,J,Koi... Mil Gaya,lead,5/31/2025,mleko i produkty mleczne,Honorable,68.79,950,Layo,large
327,H,How Do You Write a Joe Schermann Song,demo,7/12/2025,jaja,Honorable,431.64,478,Snaptags,large
328,K,Where the Trail Ends,qualification,8/20/2024,wedliny,Honorable,638.36,175,Camido,large
329,J,"Spanish Apartment, The (L'auberge espagnole)",qualification,7/17/2024,tluszcze,Rev,138.71,833,Jazzy,medium
330,L,First Position,negotiation,9/8/2024,wedliny,Mr,229.06,624,Quimm,medium
331,D,Just My Luck,lead,9/5/2025,wedliny,Honorable,27.37,132,Oyoba,large
332,F,"Family, The (Famiglia, La)",lead,12/31/2025,jaja,Mr,274.77,543,Voolith,large
333,E,Brown Sugar,presentation,11/21/2024,jaja,Mrs,71.47,339,Zooveo,medium
334,A,Three Kings,lead,4/1/2025,warzywa i owoce,Dr,933.94,926,Teklist,medium
335,D,Valkyrie,lead,7/1/2024,mleko i produkty mleczne,Dr,979.44,798,Yakijo,medium
336,C,Troma's War ,lead,12/4/2024,jaja,Dr,935.95,430,Dabjam,large
337,I,12:08 East of Bucharest (A fost sau n-a fost?),presentation,7/19/2024,tluszcze,Mr,775.5,658,Flipbug,large
338,E,Little Ashes,demo,4/15/2024,warzywa i owoce,Mrs,871.04,979,Babbleopia,medium
339,D,City Under Siege (Chun sing gai bei),won,7/24/2025,produkty zbozowe,Dr,206.53,211,Einti,large
340,A,Hotel,negotiation,8/11/2024,tluszcze,Honorable,952.49,181,Katz,large
341,E,Leaving Las Vegas,lead,12/15/2025,warzywa i owoce,Mr,25.6,272,Quaxo,medium
342,E,Decampitated,won,11/4/2025,wedliny,Rev,223.63,454,Camimbo,small
343,C,Life Stinks,demo,11/13/2024,ryby,Honorable,389.71,417,Kaymbo,large
344,L,White Banners,demo,12/21/2024,tluszcze,Mrs,687.99,624,Thoughtstorm,medium
345,J,Desperate Living,demo,4/13/2024,tluszcze,Dr,156.15,867,Topiczoom,large
346,J,"Civil Action, A",qualification,3/24/2025,produkty zbozowe,Mrs,861.49,781,Dabjam,medium
347,C,Lemony Snicket's A Series of Unfortunate Events,won,6/22/2024,tluszcze,Ms,450,218,Centidel,small
348,C,"Clean, Shaven",demo,11/20/2025,tluszcze,Honorable,633.1,37,Edgeclub,large
349,H,Seance (Kôrei),presentation,4/13/2024,mleko i produkty mleczne,Honorable,196.4,533,Yodoo,small
350,I,"Love, etc.",negotiation,7/5/2025,wedliny,Mr,946.89,230,Realmix,medium
351,F,Dead Bang,lost,11/16/2024,produkty zbozowe,Dr,968.44,672,Livetube,large
352,D,Fast Food Nation,presentation,1/9/2025,produkty zbozowe,Ms,213.26,381,Trunyx,small
353,K,IMAX: Coral Reef Adventure,qualification,12/10/2024,ryby,Rev,363.16,146,Realmix,medium
354,I,Winchester '73,lost,11/19/2024,produkty zbozowe,Mrs,482.47,234,Zoovu,large
355,D,"Law, The (a.k.a. Where the Hot Wind Blows!) (Legge, La)",qualification,3/8/2024,wedliny,Honorable,843.03,125,Flashdog,small
356,G,Charley Varrick,presentation,7/22/2025,mieso,Ms,804.93,845,Flashspan,large
357,K,Thinner,won,12/12/2025,wedliny,Ms,657.31,413,Blogspan,small
358,F,Joshua,qualification,7/5/2024,ryby,Honorable,989.9,58,Shuffledrive,small
359,D,Dragnet,lost,9/1/2025,mleko i produkty mleczne,Honorable,624.3,756,Wikivu,large
360,B,Slumdog Millionaire,won,10/22/2024,ryby,Mrs,227.03,392,Livepath,small
361,I,High Sierra,presentation,12/8/2024,tluszcze,Dr,41.12,356,Livetube,large
362,A,Virus,won,4/19/2024,tluszcze,Rev,100.34,550,Dynabox,medium
363,F,"War Game, The",won,10/16/2024,jaja,Honorable,161.24,804,Oodoo,small
364,L,Seven Angry Men,presentation,11/30/2024,jaja,Dr,46.48,212,LiveZ,small
365,C,Thank You a Lot,demo,4/22/2025,warzywa i owoce,Rev,42.53,96,Jetwire,large
366,B,"Castle of Cloads, The (Pilvilinna)",qualification,4/6/2025,wedliny,Dr,460.15,8,Tazz,large
367,A,Dead Space: Aftermath,qualification,8/23/2025,jaja,Dr,576.16,548,Twinte,medium
368,J,"Deadly Trackers, The",presentation,11/5/2025,wedliny,Ms,880.35,751,Tazzy,medium
369,J,Kim,presentation,11/29/2024,warzywa i owoce,Honorable,530.38,157,LiveZ,large
370,C,"Way We Were, The",lead,5/7/2024,mieso,Rev,412.41,603,Ntag,medium
371,J,Everybody's Woman (La signora di tutti),lost,9/14/2025,ryby,Dr,740.99,944,Wordware,small
372,K,Confessions of a Teenage Drama Queen,presentation,4/11/2024,mieso,Honorable,846.16,365,Bluejam,small
373,B,Do You Like Hitchcock? (Ti piace Hitchcock?),qualification,3/12/2025,tluszcze,Mrs,147.79,427,Brainverse,small
374,A,Fog Over Frisco,lost,1/12/2026,tluszcze,Ms,104.44,932,Kwinu,small
375,J,"Real McCoy, The",presentation,4/16/2025,produkty zbozowe,Ms,629.55,221,Kanoodle,medium
376,C,Dog Tags,won,5/25/2024,ryby,Dr,472.06,33,Einti,small
377,G,Diary of a Wimpy Kid: Dog Days,lead,4/1/2024,jaja,Mrs,254.35,332,Mycat,large
378,C,Synchromy,demo,11/20/2024,produkty zbozowe,Mr,134.5,584,Chatterbridge,large
379,J,"Octagon, The",negotiation,4/7/2025,mieso,Rev,455.42,556,Voomm,large
380,F,Save Me,demo,9/20/2024,produkty zbozowe,Dr,333.23,775,Bluezoom,large
381,A,Captains Courageous,qualification,1/22/2026,mleko i produkty mleczne,Ms,11.87,145,Skyba,large
382,F,Rent-A-Cop,demo,4/3/2025,mleko i produkty mleczne,Mr,719.34,805,Thoughtsphere,medium
383,I,Peppermint Candy (Bakha satang),won,9/15/2025,jaja,Ms,596.19,935,Vitz,small
384,K,Girls About Town,demo,7/1/2024,mleko i produkty mleczne,Rev,476.12,487,Thoughtstorm,small
385,G,My Favorite Year,presentation,3/24/2024,ryby,Mr,860.45,502,Jayo,large
386,F,"Good Guy, The",qualification,9/20/2025,produkty zbozowe,Honorable,511.38,839,Skyble,large
387,B,Mrs. Winterbourne,lead,10/29/2024,wedliny,Rev,161.17,521,Wikido,large
388,G,Brushfires,negotiation,9/13/2024,mleko i produkty mleczne,Dr,509.02,857,Rhynyx,small
389,C,"New Rulers of the World, The",presentation,7/5/2025,wedliny,Dr,582.33,490,Ailane,medium
390,B,Between the Sheets (Entre Lençóis),lost,6/17/2025,ryby,Dr,316.56,478,Oba,small
391,E,"Svensson, Svensson - I nöd och lust",demo,8/20/2025,tluszcze,Ms,841.03,762,Pixope,small
392,E,Death at a Funeral,lead,3/28/2025,tluszcze,Mr,245.27,839,Devshare,large
393,L,The Young Savages,lost,4/21/2024,mieso,Mr,506.87,97,Skipfire,small
394,F,Trilogy of Terror,presentation,6/4/2025,mieso,Mrs,625.03,670,Eare,medium
395,F,Das Leben ist nichts für Feiglinge,qualification,8/28/2024,ryby,Rev,517.8,657,Livetube,small
396,K,Video Games: The Movie,won,9/24/2024,ryby,Mrs,364.28,627,Browsebug,small
397,D,Ran,qualification,4/16/2024,ryby,Dr,504.54,507,Livepath,large
398,A,An American Tail: The Mystery of the Night Monster,lead,12/2/2025,mleko i produkty mleczne,Dr,384.51,767,Zoozzy,medium
399,E,Once Upon a Time in China III (Wong Fei-hung tsi sam: Siwong tsangba),negotiation,3/14/2025,mleko i produkty mleczne,Honorable,160.69,470,Tazz,medium
400,G,Almost an Angel,won,4/13/2024,mieso,Mrs,132.5,5,Edgeify,large
401,E,"Cook the Thief His Wife & Her Lover, The",demo,5/12/2024,produkty zbozowe,Honorable,851.31,614,Edgeblab,large
402,G,Quai des Orfèvres (Jenny Lamour),lead,2/23/2025,warzywa i owoce,Honorable,523.43,871,Skibox,medium
403,G,Bungee Jumping of Their Own (Beonjijeompeureul hada),qualification,2/25/2024,ryby,Mrs,33.19,285,Geba,medium
404,J,Fast Times at Ridgemont High,lost,5/28/2024,mieso,Honorable,452.6,146,Kwideo,small
405,J,Habit,won,12/20/2024,tluszcze,Honorable,688.75,980,Kwimbee,large
406,B,American Friends,negotiation,1/1/2025,jaja,Honorable,200.72,267,Blogspan,small
407,E,Elephant Boy,lost,11/11/2025,warzywa i owoce,Rev,868.25,918,Riffpath,small
408,B,Scandali nudi,presentation,6/5/2025,ryby,Rev,953.37,460,Skajo,small
409,G,Cargo,negotiation,12/27/2024,warzywa i owoce,Honorable,57.84,787,Youopia,small
410,A,"Big House, The",lead,5/7/2024,wedliny,Honorable,269.27,336,Katz,medium
411,K,I Hope They Serve Beer in Hell,demo,6/16/2025,mieso,Rev,868.92,908,Photobug,medium
412,J,Diggstown,lost,3/9/2025,produkty zbozowe,Honorable,476.74,538,Mymm,large
413,E,Il Mare (Siworae),qualification,10/3/2025,warzywa i owoce,Rev,738.08,85,Shuffletag,small
414,F,When Harry Met Sally...,negotiation,3/23/2025,warzywa i owoce,Dr,658.42,592,Yotz,medium
415,C,"Handmaid's Tale, The",qualification,1/13/2026,ryby,Honorable,637.3,50,Yakidoo,small
416,E,Lilian's Story,negotiation,1/30/2026,mleko i produkty mleczne,Mrs,620.72,658,Meemm,large
417,L,Adjust Your Tracking,demo,12/25/2025,mieso,Honorable,517.76,571,Yakitri,large
418,A,Pirates of the Caribbean: Dead Man's Chest,demo,5/23/2024,warzywa i owoce,Mrs,482.74,259,Yata,medium
419,G,Poolsite,lead,4/22/2025,mleko i produkty mleczne,Ms,856.47,37,Brainsphere,small
420,B,Purgatory,won,3/25/2024,mleko i produkty mleczne,Mr,98.42,199,Mycat,medium
421,L,Evil Remains (Trespassing),demo,6/7/2024,mieso,Honorable,336.1,173,Yata,large
422,L,Haywire,qualification,12/5/2025,warzywa i owoce,Ms,485.89,416,Eire,small
423,H,Housesitter,presentation,9/22/2024,mleko i produkty mleczne,Rev,533.91,924,Trupe,medium
424,E,Finding a Family,qualification,11/16/2025,tluszcze,Rev,739.05,858,Browseblab,medium
425,I,Age of Uprising: The Legend of Michael Kohlhaas (Michael Kohlhaas),lead,5/12/2024,mleko i produkty mleczne,Mrs,636.26,651,Roodel,medium
426,G,Under the Skin,qualification,11/6/2024,warzywa i owoce,Mrs,67.11,11,Devbug,medium
427,F,"Tracey Fragments, The",qualification,8/28/2024,mieso,Dr,455.3,692,Skimia,large
428,B,Inferno,presentation,1/16/2026,warzywa i owoce,Dr,517.31,685,Twitterwire,medium
429,F,Unprecedented: The 2000 Presidential Election,lost,11/7/2024,wedliny,Honorable,520.56,517,Skippad,small
430,F,Victim,won,10/17/2024,warzywa i owoce,Mrs,600.85,21,Twimbo,medium
431,C,Oz the Great and Powerful,qualification,12/18/2024,warzywa i owoce,Honorable,8.07,325,Livefish,small
432,H,"Sound of Music, The",presentation,7/15/2025,mleko i produkty mleczne,Mrs,153.93,715,Layo,large
433,B,Cadillac Records,negotiation,11/11/2024,wedliny,Mrs,696.46,783,Brainverse,large
434,D,Olympus Has Fallen,won,5/11/2025,tluszcze,Dr,931.69,278,Rhybox,small
435,H,There's Something Wrong with Aunt Diane,demo,6/14/2025,jaja,Mr,753.87,734,Mydeo,medium
436,H,Beaver Trilogy Part IV,won,6/13/2024,mleko i produkty mleczne,Honorable,471.48,551,Gevee,large
437,A,Happy End,lead,10/12/2025,ryby,Ms,826.14,101,Wikido,large
438,F,Friday the 13th Part IV: The Final Chapter,lost,5/22/2025,produkty zbozowe,Mrs,348.63,819,Realbuzz,small
439,B,"Boy Who Could Fly, The",lead,12/3/2025,wedliny,Honorable,467.35,61,Jatri,small
440,C,Lady Death,lost,4/19/2025,produkty zbozowe,Dr,807.3,352,Divape,medium
441,C,Project A 2 ('A' gai wak juk jap),presentation,5/23/2024,mieso,Dr,239.9,234,Yacero,large
442,J,Red Angel (Akai tenshi),lead,12/20/2024,mleko i produkty mleczne,Rev,337.15,998,Edgeify,small
443,D,All the Queen's Men,presentation,6/10/2024,wedliny,Rev,877.54,789,Oyoba,small
444,F,Ghajini,won,11/29/2025,mieso,Rev,826.7,864,Kwideo,large
445,L,"Governess, The",demo,3/15/2025,wedliny,Ms,132.38,115,Dablist,small
446,K,East Meets West (Dung sing sai tsau 2011),lost,7/11/2024,mieso,Mrs,893.56,909,Twinder,small
447,F,What Men Talk About,lost,9/12/2024,tluszcze,Mrs,63.52,296,Shufflebeat,small
448,D,"Haunted Strangler, The (Grip of the Strangler)",lead,11/5/2024,produkty zbozowe,Honorable,627.54,466,Thoughtstorm,large
449,C,The Hallelujah Handshake,demo,11/6/2025,wedliny,Honorable,841.87,578,Skynoodle,medium
450,J,Barry Munday,lost,11/10/2024,mieso,Dr,763.49,728,Geba,large
451,L,Salut cousin!,qualification,12/4/2025,tluszcze,Rev,463.88,45,Wikibox,medium
452,I,Snowball Effect: The Story of 'Clerks',qualification,3/7/2025,ryby,Mr,342.11,674,Skyvu,large
453,E,Nina's Heavenly Delights,demo,5/27/2025,mieso,Mrs,958.08,888,Mynte,large
454,A,Drive Thru,lost,3/22/2024,tluszcze,Mrs,403.09,466,Oodoo,small
455,D,It's a Great Feeling,lead,5/24/2024,produkty zbozowe,Dr,286.15,880,Yadel,medium
456,I,"Adventures of Mark Twain, The",qualification,6/23/2024,ryby,Mrs,787.21,684,Latz,medium
457,B,"Loser Takes All, The (O hamenos ta pairnei ola)",lead,5/31/2025,warzywa i owoce,Ms,155.07,554,Voomm,large
458,I,"Unholy Three, The",presentation,2/17/2025,ryby,Mrs,82.15,461,Oyonder,large
459,I,"Pleasure Seekers, The",won,3/5/2024,wedliny,Rev,928.67,72,Linkbuzz,small
460,B,Stingray Sam,negotiation,10/11/2024,warzywa i owoce,Honorable,657.57,159,Plambee,large
461,E,Blended,lost,9/28/2024,jaja,Honorable,387.37,616,Eare,medium
462,F,The Nutcracker Prince,lead,8/25/2025,mieso,Honorable,834.71,699,Topicblab,medium
463,B,Relationship Status: It's Complicated,qualification,7/2/2024,wedliny,Dr,595.69,412,Kwilith,medium
464,E,Restless Blood (Levoton veri),lead,10/1/2025,mieso,Mrs,720.51,725,Feednation,small
465,F,Noise,lead,9/2/2024,jaja,Honorable,604.52,968,Gigazoom,large
466,A,Who the F**K Is Arthur Fogel,demo,10/23/2024,mieso,Dr,776.09,115,Buzzshare,large
467,J,Ice Castles,demo,12/21/2024,mieso,Ms,218.11,376,Blognation,large
468,H,Dead End,presentation,5/1/2025,warzywa i owoce,Dr,14.76,763,Zooxo,small
469,C,"Crush, The (La cotta)",demo,11/17/2025,produkty zbozowe,Mrs,951.73,929,Youspan,large
470,A,Bickford Shmeckler's Cool Ideas,won,7/6/2025,produkty zbozowe,Honorable,350.45,305,Vinder,small
471,F,"Elusive Summer of '68, The (Varljivo leto '68)",lead,9/25/2025,mleko i produkty mleczne,Dr,578.67,517,Aibox,small
472,L,"Year My Voice Broke, The",lead,12/22/2024,ryby,Rev,890.72,413,Bubblebox,large
473,L,"Big House, The",lead,10/13/2024,mieso,Ms,766.86,86,Youspan,large
474,I,"Ball, The (Le bal)",lost,11/25/2025,warzywa i owoce,Honorable,19.43,596,Topdrive,large
475,B,"Wedding Photographer, The (Bröllopsfotografen)",demo,3/23/2025,mieso,Mrs,968.2,684,Divanoodle,large
476,K,Rumor Has It...,won,1/16/2026,mleko i produkty mleczne,Ms,139.44,950,Quimm,large
477,D,"Magnetic Monster, The",demo,4/2/2024,produkty zbozowe,Ms,707.75,588,Rhynoodle,large
478,A,State of Play,demo,3/10/2024,jaja,Ms,365.11,173,Babbleset,large
479,D,Bongwater,negotiation,5/6/2024,produkty zbozowe,Mr,974.54,188,Tazzy,small
480,I,Surviving the Game,qualification,8/24/2025,mleko i produkty mleczne,Dr,158.62,594,Blogtags,medium
481,K,SOS - en segelsällskapsresa,demo,4/27/2025,ryby,Honorable,478.11,942,Topicware,large
482,E,The Adventures of André and Wally B.,demo,4/4/2024,mleko i produkty mleczne,Mrs,98.32,719,Digitube,medium
483,A,Lipstick,demo,6/6/2024,wedliny,Mr,173.33,952,Bubblemix,small
484,D,"Cemetery Club, The",lost,5/17/2024,mieso,Mr,637.8,147,Jabbercube,small
485,K,One Crazy Summer,lost,9/15/2025,produkty zbozowe,Honorable,281,869,Flashset,small
486,F,I Want to Be a Soldier,lead,3/23/2025,mieso,Mr,634.52,314,Zooxo,large
487,J,First Name: Carmen (Prénom Carmen),lead,12/30/2024,mleko i produkty mleczne,Mr,259.17,428,Oyonder,large
488,D,"Hangover, The",lead,4/27/2024,warzywa i owoce,Honorable,941.28,286,Roomm,large
489,C,Northwest Passage,qualification,6/10/2024,mieso,Mrs,396.89,985,Twimbo,medium
490,L,Whistling in Brooklyn,demo,4/26/2024,ryby,Mr,315.72,312,Feedmix,large
491,C,Traffic,lost,4/22/2024,mleko i produkty mleczne,Mrs,951.84,568,Buzzdog,small
492,H,"Arena, The (a.k.a. Naked Warriors)",qualification,5/19/2024,ryby,Honorable,288.28,7,Miboo,medium
493,L,"Prestige, The",qualification,4/5/2025,warzywa i owoce,Mrs,653.87,43,Kamba,small
494,G,Daddy Long Legs,negotiation,6/15/2024,jaja,Mrs,287.89,312,Yacero,medium
495,G,Uuno in Spain,qualification,1/7/2025,jaja,Ms,669.87,943,Riffpath,medium
496,A,"Little Soldier, The (Petit soldat, Le)",lead,3/8/2024,wedliny,Mrs,775.75,573,Gigaclub,small
497,J,Shadow Dancer,demo,7/3/2024,jaja,Dr,941.41,590,Dabvine,large
498,F,"Halloween Tree, The",qualification,8/25/2024,mieso,Mrs,917.13,487,Voonte,medium
499,G,"White Angel, The (L'angelo bianco)",lead,4/13/2025,mleko i produkty mleczne,Ms,867.59,18,Buzzdog,large
500,C,Night of the Zombies (a.k.a. Batallion of the Living Dead),won,2/9/2025,warzywa i owoce,Mr,680.85,312,Topiclounge,large
501,L,Rapado,won,11/22/2024,wedliny,Mr,417.76,45,Zoomcast,large
502,D,"Adjuster, The",qualification,5/23/2024,tluszcze,Mr,740.15,799,Quinu,large
503,L,"Show of Force, A",won,11/4/2025,warzywa i owoce,Ms,462.26,781,Digitube,small
504,I,Run Fatboy Run,qualification,6/26/2025,tluszcze,Honorable,643.66,467,Fatz,medium
505,J,"Runaways, The",lost,3/23/2024,produkty zbozowe,Rev,156.35,357,Skidoo,medium
506,G,"Far Off Place, A",lead,9/20/2024,jaja,Mr,349.98,754,Yombu,medium
507,K,"Machine That Kills Bad People, The (La Macchina Ammazzacattivi)",negotiation,8/29/2025,warzywa i owoce,Honorable,712.39,344,Centidel,small
508,L,Desert Bloom,demo,10/20/2024,warzywa i owoce,Mr,132.03,860,Kwideo,medium
509,L,"Enigma of Kaspar Hauser, The (a.k.a. Mystery of Kaspar Hauser, The) (Jeder für sich und Gott Gegen Alle)",lead,6/8/2024,warzywa i owoce,Mrs,862.47,409,Oozz,large
510,D,Ninja III: The Domination,qualification,10/31/2025,tluszcze,Dr,881.48,389,Skajo,medium
511,J,Bye-Bye,lead,9/21/2025,ryby,Mrs,978.58,862,Jayo,large
512,A,Cold Weather,demo,10/19/2024,mieso,Ms,485.85,777,Gigazoom,small
513,I,Fate Is the Hunter,presentation,9/2/2025,jaja,Mr,233.54,985,Plambee,medium
514,I,"Leslie, My Name is Evil (Manson, My Name is Evil)",won,12/4/2025,jaja,Rev,22.28,915,Innojam,medium
515,A,"Quarry, The",negotiation,6/17/2024,wedliny,Rev,121.71,171,Livepath,medium
516,F,Easy Street,demo,4/17/2025,ryby,Honorable,996.35,992,Oyoba,small
517,A,"Blob, The",demo,1/13/2025,ryby,Ms,594.18,135,Livefish,large
518,E,"Messenger, The",demo,6/14/2024,wedliny,Dr,657.39,455,Aimbo,large
519,L,Marilyn Hotchkiss' Ballroom Dancing & Charm School,lead,10/8/2024,jaja,Mrs,918.2,261,Demizz,small
520,K,An American Tail: The Mystery of the Night Monster,presentation,11/6/2024,jaja,Honorable,560.44,832,Mydeo,medium
521,E,"Commitments, The",lost,7/29/2025,tluszcze,Dr,628.89,301,Katz,medium
522,H,Kickboxer 2: The Road Back,lost,12/28/2024,mleko i produkty mleczne,Dr,863.77,962,Meejo,medium
523,I,"Boogeyman, The",demo,11/26/2024,wedliny,Honorable,205.44,255,Meezzy,large
524,G,Asterix and the Big Fight (Astérix et le coup du menhir),won,1/9/2026,mieso,Mr,232.11,950,Photofeed,medium
525,B,"Year My Parents Went on Vacation, The (O Ano em Que Meus Pais Saíram de Férias)",negotiation,9/13/2024,warzywa i owoce,Mr,149.58,686,Devbug,medium
526,H,"Thank You, Jeeves!",negotiation,5/10/2025,tluszcze,Mr,144.87,463,Jayo,small
527,J,Control,negotiation,5/4/2025,produkty zbozowe,Mrs,820.28,836,DabZ,large
528,C,"Graduate, The",presentation,9/12/2024,wedliny,Mr,222.06,118,Topicware,small
529,G,Raising Helen,lead,4/13/2025,jaja,Dr,57.41,542,Avavee,large
530,A,Cure,negotiation,8/22/2025,jaja,Dr,879.23,244,Jabbertype,large
531,D,"Older Brother, Younger Sister (Ani imôto)",lost,6/29/2024,jaja,Mrs,772.98,274,Abata,small
532,B,Nothing But Trouble,demo,6/24/2025,mieso,Mrs,319.39,390,Brainsphere,small
533,I,"House of Branching Love, The (Haarautuvan rakkauden talo)",lost,10/20/2025,jaja,Dr,193.26,698,Dabshots,medium
534,E,Seconds,presentation,7/31/2025,wedliny,Ms,954.72,362,Trilia,small
535,L,"Big Doll House, The",lead,12/4/2024,mieso,Dr,374.36,851,Linktype,small
536,L,Looney Tunes: Back in Action,qualification,4/6/2025,tluszcze,Mr,52.99,742,Flipopia,medium
537,E,Dark Touch,lost,3/30/2025,ryby,Dr,967.08,796,Zooveo,large
538,D,Rendition,lead,4/13/2025,jaja,Honorable,599.56,536,Tanoodle,small
539,H,Pete Smalls Is Dead,lost,12/10/2024,mleko i produkty mleczne,Mrs,949.39,554,Browsebug,large
540,F,"Strange One, The",qualification,6/23/2024,mieso,Honorable,14.33,543,Talane,medium
541,C,Family Band: The Cowsills Story ,won,7/26/2025,produkty zbozowe,Honorable,828.81,636,Aimbu,large
542,C,Trash,lost,10/7/2025,tluszcze,Mrs,179.66,894,Twitterworks,large
543,E,Texas,lost,10/18/2024,produkty zbozowe,Ms,539.84,918,Thoughtblab,large
544,G,John Wick,lost,6/7/2025,tluszcze,Ms,219.76,928,Mymm,small
545,G,Castles in the Sky,presentation,6/22/2024,tluszcze,Honorable,765.11,517,Jaloo,medium
546,F,Love & Savagery,won,5/13/2024,wedliny,Dr,882.16,104,Browsetype,medium
547,I,A Smoky Mountain Christmas,won,5/9/2025,mieso,Dr,307.19,491,Realcube,small
548,I,Staying Together,won,9/16/2024,warzywa i owoce,Honorable,246.27,908,Youfeed,small
549,D,Sunflower (Xiang ri kui),qualification,9/15/2025,jaja,Honorable,492.26,852,Divape,small
550,B,Snow on Tha Bluff,qualification,8/17/2025,mieso,Honorable,512.87,416,Devshare,medium
551,E,She-Devil,demo,9/25/2024,ryby,Honorable,863.84,103,Jabbersphere,large
552,K,The Dark Matter of Love,lead,10/6/2025,ryby,Mrs,783.45,160,Devbug,small
553,E,"Way, Way Back, The",presentation,4/27/2025,wedliny,Rev,829.15,432,Blogtag,large
554,B,Maurice,demo,1/29/2026,warzywa i owoce,Mr,294.19,151,Yakidoo,medium
555,D,42,lost,3/8/2024,warzywa i owoce,Mr,329.82,714,Gigazoom,small
556,D,"Boat, The",lead,11/15/2024,produkty zbozowe,Honorable,438.9,798,Buzzdog,medium
557,D,"Village Barbershop, The",demo,4/26/2025,wedliny,Ms,594,2,Tazz,large
558,A,"I Love You, Don't Touch Me!",qualification,6/26/2024,mleko i produkty mleczne,Mr,249.9,641,Mydeo,medium
559,I,Dickson Greeting,lost,6/18/2025,ryby,Ms,911.27,420,Divavu,medium
560,H,Indian Summer,presentation,5/22/2024,mieso,Mrs,595.3,373,Plajo,large
561,F,"Case of the Whitechapel Vampire, The",won,10/30/2024,mieso,Mrs,188.71,84,Feednation,medium
562,I,Let It Snow,qualification,3/17/2024,tluszcze,Dr,656.81,507,Oyoba,large
563,H,Eulogy,negotiation,6/5/2025,ryby,Mr,119.31,427,Meevee,small
564,G,Big Bad Wolf,lost,9/21/2025,jaja,Ms,723.59,713,Devbug,medium
565,A,Brothers: The Return,won,6/28/2025,ryby,Mrs,219.7,563,Meembee,small
566,L,Playing God,lost,1/23/2026,ryby,Ms,408.31,644,Chatterpoint,medium
567,G,Material Girls,qualification,2/25/2025,ryby,Mrs,316.57,933,Eimbee,small
568,L,Smokey and the Bandit,negotiation,3/4/2024,jaja,Mr,251.86,119,Geba,medium
569,B,"Poker House, The",presentation,8/4/2025,ryby,Ms,56.75,326,Thoughtblab,medium
570,C,Curdled,qualification,3/29/2025,produkty zbozowe,Ms,431.84,632,Flashset,medium
571,I,"Final Countdown, The",lead,4/16/2024,wedliny,Rev,758.55,935,Edgewire,small
572,L,End of the Spear,lead,9/28/2025,jaja,Ms,973.65,581,Fiveclub,small
573,F,Trick or Treat,demo,3/24/2024,tluszcze,Ms,597.76,221,Buzzbean,small
574,K,"Love Affair, or the Case of the Missing Switchboard Operator (Ljubavni slucaj ili tragedija sluzbenice P.T.T.)",presentation,7/5/2025,wedliny,Mr,854.02,500,Wordify,small
575,E,Pretty Poison,presentation,12/31/2025,wedliny,Honorable,658.88,802,BlogXS,large
576,J,"Terminator, The",demo,10/29/2024,mieso,Mrs,944.57,425,Rooxo,small
577,I,Monty Python: Almost the Truth - Lawyers Cut,presentation,9/4/2025,ryby,Rev,377.94,233,Leexo,large
578,E,"Miracle of Morgan's Creek, The",negotiation,10/11/2025,jaja,Mr,588.67,56,Eabox,small
579,K,Charlie Victor Romeo,qualification,10/30/2024,produkty zbozowe,Mrs,546.78,141,Zoonoodle,small
580,I,Men of Means,lead,4/7/2025,mleko i produkty mleczne,Rev,19.78,481,Edgewire,large
581,A,"Botany of Desire, The",negotiation,9/8/2024,tluszcze,Dr,303.01,800,Kazio,small
582,E,Living on One Dollar,demo,2/28/2024,ryby,Rev,488.74,603,Abata,medium
583,C,The Eagle and the Hawk,demo,6/26/2025,mleko i produkty mleczne,Ms,83.34,29,Eadel,small
584,L,Where Were You When the Lights Went Out?,won,6/3/2025,mleko i produkty mleczne,Mrs,802.62,810,Skajo,large
585,D,GasLand,presentation,8/15/2024,tluszcze,Ms,81.88,874,Trunyx,medium
586,C,Confidence Girl,lead,7/10/2024,tluszcze,Dr,478.19,191,Roodel,small
587,F,City Lights,won,12/27/2024,mleko i produkty mleczne,Mr,19.88,920,Shuffledrive,small
588,C,"Aguirre: The Wrath of God (Aguirre, der Zorn Gottes)",lead,12/31/2025,produkty zbozowe,Mr,556.24,597,Twimm,small
589,G,Lost Horizon,lost,6/16/2025,mieso,Dr,4.44,996,Yambee,large
590,E,"Jerk Theory, The",demo,1/15/2025,wedliny,Rev,403.44,642,Dynabox,small
591,I,Immortel (ad vitam) (Immortal),negotiation,8/17/2025,produkty zbozowe,Dr,534.88,441,Meembee,large
592,F,"Muppet Musicians of Bremen, The",presentation,2/13/2025,warzywa i owoce,Honorable,6.44,292,Skajo,small
593,K,Human Planet,lost,8/11/2024,jaja,Mr,532.24,873,Jabberbean,small
594,D,Run All Night,demo,5/7/2024,mleko i produkty mleczne,Mr,465.95,313,Skippad,small
595,L,Navy Seals,won,5/3/2025,produkty zbozowe,Mr,319.24,814,Npath,small
596,B,Kevin Hart: Seriously Funny,qualification,5/21/2025,wedliny,Dr,939.02,123,Topdrive,medium
597,E,3:10 to Yuma,presentation,12/19/2025,tluszcze,Ms,906.45,911,Blogtag,small
598,B,"Star for Two, A",lost,5/22/2024,mleko i produkty mleczne,Mr,713.3,242,Avaveo,medium
599,A,"Forbidden Christ, The (Cristo proibito, Il)",lost,12/17/2024,warzywa i owoce,Dr,322.05,300,Viva,medium
600,J,"Holiday, The",lost,10/30/2024,warzywa i owoce,Dr,108.89,110,Mita,small
601,B,"Stranger's Heart, A",lead,6/16/2025,produkty zbozowe,Honorable,457.77,806,Realblab,small
602,G,Death in Buenos Aires (Muerte en Buenos Aires),presentation,5/11/2024,jaja,Mr,358.45,817,Quamba,large
603,K,Welfare,negotiation,5/22/2024,jaja,Dr,573.78,877,Oodoo,large
604,J,"God is Great, I'm Not (Dieu est grand, je suis toute petite)",presentation,6/10/2025,produkty zbozowe,Rev,246.26,491,Trilith,medium
605,I,Destry Rides Again,lead,4/17/2025,wedliny,Mr,193.13,718,Skinder,large
606,D,"Boys and Girls Guide to Getting Down, The",lost,11/13/2024,warzywa i owoce,Ms,86.14,581,Avamba,small
607,E,American Ninja 2: The Confrontation,demo,9/17/2025,wedliny,Rev,185.48,58,Tekfly,medium
608,L,"Moth Diaries, The",qualification,10/8/2025,jaja,Ms,559.18,95,Youspan,small
609,A,"Paper Chase, The",lead,11/27/2024,mieso,Rev,802.31,266,Lajo,small
610,E,Turbo,won,1/3/2026,mieso,Honorable,638.68,982,Photobug,large
611,J,Delgo,negotiation,4/20/2025,wedliny,Mrs,747.62,527,Babblestorm,large
612,F,"Castaway Cowboy, The",lead,6/4/2025,mleko i produkty mleczne,Dr,171.03,428,Zoonoodle,small
613,G,Kiss Me Deadly,qualification,11/27/2025,mleko i produkty mleczne,Rev,515.88,439,Topicware,medium
614,A,Dagon,presentation,2/20/2025,produkty zbozowe,Honorable,428.46,315,Brightbean,large
615,C,Prime Suspect,won,1/10/2026,jaja,Mr,199.74,946,Skyvu,small
616,A,Bill Cunningham New York,qualification,1/17/2025,jaja,Honorable,544.96,870,Buzzshare,medium
617,J,"Captain's Paradise, The",lead,7/14/2024,jaja,Mr,755.56,201,Demivee,large
618,F,Dandelion,demo,1/10/2025,mleko i produkty mleczne,Mr,120.76,312,Rhynoodle,large
619,A,Main Street,lead,12/16/2024,produkty zbozowe,Ms,858.24,818,Muxo,large
620,L,Getting Back to Abnormal,demo,4/3/2024,jaja,Mr,798.54,374,Quimm,large
621,L,Humpday,won,6/19/2025,produkty zbozowe,Mrs,91.54,353,Divavu,large
622,L,Cazuza - O Tempo Não Pára,lead,6/27/2025,produkty zbozowe,Ms,167.47,98,Katz,medium
623,L,"Song to Remember, A",negotiation,9/3/2025,ryby,Dr,360.19,539,Shuffletag,medium
624,E,Police Story 2 (Ging chaat goo si juk jaap),lost,12/31/2024,mieso,Rev,434.54,516,Mydeo,small
625,F,Public Enemies,presentation,7/9/2025,ryby,Rev,281.5,686,Fatz,large
626,F,Last Days in Vietnam,won,7/18/2024,mieso,Mr,442.67,550,Oyope,small
627,B,Safety Not Guaranteed,demo,9/30/2025,ryby,Ms,657.78,259,Zoovu,large
628,H,Giuseppe Makes a Movie,presentation,4/28/2025,ryby,Ms,194.83,546,Vimbo,medium
629,I,Prison of the Dead,won,3/14/2024,produkty zbozowe,Mrs,850.5,611,Kanoodle,small
630,C,Disco Dancer,negotiation,8/29/2025,tluszcze,Ms,505.75,767,Camimbo,large
631,F,Rain Man,demo,1/21/2025,jaja,Rev,200.37,267,Skibox,medium
632,A,"Whales of August, The",lost,6/11/2024,wedliny,Ms,960.1,190,Yodoo,large
633,J,"Lizzie McGuire Movie, The",lost,5/3/2025,mieso,Dr,675.88,89,Wikizz,small
634,K,Sukiyaki Western Django,lost,2/11/2025,jaja,Rev,890.85,126,Rhycero,medium
635,G,Ted Bundy,lost,12/15/2024,jaja,Rev,262.25,167,Rhyloo,large
636,C,"Golden Coach, The (Le carrosse d'or)",won,4/13/2024,wedliny,Rev,151.47,711,Tagchat,large
637,D,Barton Fink,presentation,3/23/2025,mieso,Rev,878.72,155,Edgeblab,medium
638,A,"Enforcer, The",negotiation,7/18/2025,mleko i produkty mleczne,Rev,510.45,508,Brainverse,medium
639,D,Tell Me and I Will Forget,lead,1/17/2025,wedliny,Dr,295.39,285,Babblestorm,large
640,I,Film ist.,demo,12/31/2024,mleko i produkty mleczne,Honorable,584.13,789,Skipstorm,large
641,K,Death Race 2000,lead,9/8/2024,mieso,Mrs,558.06,426,Jaxnation,large
642,L,"Wheel, The (La Roue)",negotiation,6/8/2025,ryby,Rev,712.81,326,Tagchat,medium
643,G,"Slammin' Salmon, The",qualification,12/19/2024,warzywa i owoce,Honorable,591.45,835,Browsecat,medium
644,D,"Desperate Hours, The",demo,4/15/2025,tluszcze,Rev,861.05,407,Oba,small
645,D,Breathless (À bout de souffle),lead,3/10/2024,wedliny,Mr,994.84,560,Photolist,medium
646,E,Up,presentation,10/31/2024,tluszcze,Ms,601.72,526,Buzzdog,medium
647,J,Double Happiness,lead,9/4/2024,ryby,Rev,858.44,287,Livefish,small
648,H,It Rains in My Village (Bice skoro propast sveta),negotiation,6/28/2025,warzywa i owoce,Rev,568.92,401,Dabjam,small
649,C,Chicks with Sticks,won,5/13/2025,tluszcze,Mrs,938.4,772,Skinder,small
650,G,"Very Natural Thing, A",lost,6/12/2024,mleko i produkty mleczne,Ms,452.96,970,Flipstorm,small
651,J,Stray Dogs,demo,4/18/2025,ryby,Dr,321.65,441,Voomm,medium
652,C,On the Beach,won,7/26/2025,mleko i produkty mleczne,Ms,788.53,864,Eimbee,small
653,L,Metropolis,negotiation,7/20/2025,jaja,Rev,675.64,471,Voonix,small
654,K,Castaway on the Moon (Kimssi pyoryugi),presentation,7/1/2024,mleko i produkty mleczne,Mrs,879.33,934,Brainsphere,small
655,L,Central Station (Central do Brasil),lead,8/19/2024,produkty zbozowe,Mr,232.91,429,Bubbletube,medium
656,B,"Day in the Life, A",lead,6/16/2025,warzywa i owoce,Ms,254,222,Brainbox,large
657,B,The Blood of Fu Manchu,negotiation,11/14/2025,warzywa i owoce,Rev,877.03,753,Flipstorm,medium
658,I,Dungeons & Dragons,lost,4/7/2025,tluszcze,Mr,523.03,503,Mymm,large
659,E,Beloved/Friend (a.k.a. Amigo/Amado) (Amic/Amat),won,3/2/2024,wedliny,Mr,978.85,97,Buzzbean,medium
660,C,"Foreign Affair, A",negotiation,9/24/2024,wedliny,Mr,288.13,934,Quinu,medium
661,H,Captain Abu Raed,qualification,1/18/2026,wedliny,Honorable,316.96,915,Youspan,small
662,G,Teenage Mutant Ninja Turtles III,negotiation,11/9/2025,wedliny,Honorable,859.98,996,Wikizz,medium
663,D,Nymph,lead,1/5/2025,jaja,Mrs,500.04,528,Zoomlounge,large
664,G,She's Out of My League,lost,8/19/2025,tluszcze,Mrs,767.67,684,Kimia,small
665,G,Radio On,lead,10/11/2025,tluszcze,Dr,721.14,967,Feedfire,medium
666,K,Anna Lucasta,won,12/11/2024,tluszcze,Mr,873.35,716,Voolith,small
667,G,Blood and Roses (Et mourir de plaisir) (To Die with Pleasure),lost,9/13/2024,mieso,Mr,752.91,800,Zoomlounge,large
668,C,"Lord of the Rings: The Two Towers, The",negotiation,3/7/2025,mleko i produkty mleczne,Dr,619.84,876,Plajo,medium
669,D,Marmaduke,lost,6/21/2024,mleko i produkty mleczne,Mr,542.14,292,Skiptube,large
670,C,It's Alive III: Island of the Alive,presentation,1/29/2025,jaja,Ms,384.6,615,Zoomdog,small
671,J,John Carter,qualification,6/12/2025,mieso,Mr,93.04,727,Ooba,small
672,K,"Garden of Allah, The",lost,2/16/2025,tluszcze,Rev,74.66,605,Voonix,small
673,I,Buttcrack,lost,11/15/2025,tluszcze,Mrs,193.52,59,Myworks,medium
674,G,Jonestown: The Life and Death of Peoples Temple,qualification,1/18/2026,mleko i produkty mleczne,Rev,3.43,370,Mymm,large
675,H,And Soon the Darkness,demo,7/13/2024,jaja,Mr,634.83,188,Omba,large
676,K,Any Questions for Ben?,negotiation,3/11/2025,produkty zbozowe,Mrs,224.22,560,Thoughtworks,large
677,D,"Innocents, The",won,11/27/2025,mleko i produkty mleczne,Mrs,77.64,359,Photobug,large
678,D,"Incredibles, The",lead,9/16/2025,jaja,Honorable,687.31,800,Jaxspan,medium
679,I,"Maid, The (Nana, La)",presentation,1/5/2026,warzywa i owoce,Dr,967.29,905,Edgewire,small
680,I,Samurai Assassin (Samurai),demo,3/2/2025,warzywa i owoce,Rev,308.43,573,Flashdog,small
681,A,Krrish,won,10/8/2025,tluszcze,Ms,205.49,470,Eazzy,large
682,C,Violent Saturday,lost,6/8/2025,produkty zbozowe,Dr,299.03,744,Shuffledrive,large
683,H,Amazon Jack 2: The Movie Star (a.k.a. Hugo the Movie Star) (Jungledyret 2 - den store filmhelt),qualification,12/11/2024,ryby,Honorable,299.48,13,Centizu,medium
684,G,Ride,lost,1/14/2025,produkty zbozowe,Rev,932.11,165,Kamba,small
685,G,Gangster No. 1,negotiation,11/30/2024,warzywa i owoce,Ms,672.34,226,Oozz,large
686,I,"Big Broadcast of 1938, The",presentation,5/31/2024,produkty zbozowe,Dr,172.98,106,Yoveo,medium
687,F,Dear Mr. Watterson,won,12/22/2025,warzywa i owoce,Mr,184.27,867,Mybuzz,small
688,G,Free Samples,negotiation,10/29/2024,produkty zbozowe,Mrs,801.09,564,Demizz,large
689,J,Across the Pacific,qualification,1/4/2025,mleko i produkty mleczne,Mr,470.4,877,InnoZ,medium
690,F,"Young Unknowns, The",negotiation,5/7/2025,produkty zbozowe,Mr,57.91,933,Camido,small
691,C,Alice Upside Down (Alice),presentation,2/23/2025,ryby,Mr,420.62,698,Flipopia,small
692,I,Yongary: Monster from the Deep,lost,2/5/2025,tluszcze,Mrs,304.68,639,Yodo,large
693,J,Shiner,demo,7/28/2025,wedliny,Dr,343.63,904,Trudeo,medium
694,D,"Veteran, The",presentation,6/9/2024,jaja,Honorable,525.35,624,Skajo,large
695,J,Sweet Nothing,lead,6/14/2024,mleko i produkty mleczne,Mr,248.65,24,Blogspan,large
696,L,She's the One,won,4/24/2024,ryby,Rev,973.22,892,Skyble,large
697,D,88 Minutes,qualification,6/14/2025,jaja,Rev,560.12,966,Yakijo,small
698,H,"Breed Apart, A",lost,10/28/2025,tluszcze,Mr,492.78,254,Centimia,medium
699,F,Man Hunt,won,9/11/2025,warzywa i owoce,Ms,204.29,257,Yodo,small
700,H,Man-Proof,presentation,4/26/2025,mieso,Mrs,384.21,471,Riffwire,small
701,B,La Belle équipe,lead,1/22/2025,wedliny,Honorable,171.66,96,Zooveo,small
702,F,"Scarlet and the Black, The",lost,7/24/2025,mleko i produkty mleczne,Mr,241.35,595,Feedspan,large
703,I,Motivational Growth,negotiation,6/16/2024,mieso,Mr,126.82,667,JumpXS,medium
704,J,High Heels (Tacones lejanos),qualification,12/7/2024,warzywa i owoce,Mrs,104.73,786,Zava,large
705,K,"Laugh, Clown, Laugh",presentation,6/22/2025,tluszcze,Ms,534.45,974,Rhyzio,large
706,J,Brass Target,negotiation,12/27/2025,tluszcze,Rev,321.48,702,Tagtune,medium
707,B,Speedway Junky,won,7/12/2025,wedliny,Mrs,615.82,286,Jatri,medium
708,A,"Russia House, The",negotiation,9/28/2025,ryby,Ms,899.17,346,Fivechat,large
709,A,Stella: Live in Boston,presentation,6/8/2024,mleko i produkty mleczne,Ms,374.47,865,Voonte,small
710,J,Sekirei,lost,10/31/2024,wedliny,Honorable,824.16,397,Plajo,medium
711,C,Mac,presentation,1/26/2026,produkty zbozowe,Dr,210.38,129,Thoughtblab,small
712,L,Werckmeister Harmonies (Werckmeister harmóniák),demo,4/19/2024,mieso,Mrs,529.13,485,Kimia,small
713,L,Battle for Brooklyn,lead,3/6/2025,wedliny,Mr,210.33,425,Katz,medium
714,E,Movie Crazy,demo,12/28/2025,warzywa i owoce,Mrs,655.97,131,Devify,large
715,L,Clubbed,qualification,5/6/2024,wedliny,Honorable,862.64,629,Snaptags,small
716,A,Mother,presentation,8/30/2025,mieso,Mr,985.74,974,Oyoyo,large
717,K,"Sweet Jesus, Preacherman",demo,8/22/2025,mieso,Mr,70.2,211,Reallinks,small
718,C,Ernest Goes to Jail,negotiation,4/20/2025,ryby,Honorable,56.33,996,Camido,large
719,C,Rhyme & Reason,lead,3/29/2025,mieso,Dr,257.39,703,Zoovu,large
720,H,Adoration,qualification,1/7/2025,mieso,Honorable,522.66,650,Fiveclub,large
721,G,"Cat Concerto, The",negotiation,8/1/2025,wedliny,Mrs,506.32,409,Babbleblab,medium
722,H,Amelia,lost,11/8/2025,produkty zbozowe,Rev,425.49,321,Pixoboo,medium
723,K,Pinky,presentation,11/13/2024,produkty zbozowe,Honorable,586.91,546,Plambee,small
724,C,Caught Up,presentation,5/7/2025,ryby,Honorable,921.43,907,Npath,small
725,A,"Boys Are Back, The",presentation,1/5/2026,produkty zbozowe,Ms,811.57,90,Minyx,small
726,L,Jekyll & Hyde,negotiation,11/23/2025,mieso,Rev,171.69,428,Katz,large
727,G,"Good Life, The",negotiation,8/6/2024,wedliny,Dr,369.77,304,Rhyzio,medium
728,J,September,negotiation,1/25/2025,warzywa i owoce,Dr,292.39,716,Centidel,small
729,F,"Autumn Heart, The",demo,8/1/2025,mieso,Honorable,159.85,833,Brainverse,large
730,A,Gertrud,presentation,3/5/2024,warzywa i owoce,Honorable,171.02,514,Shufflebeat,medium
731,L,Project Moon Base,presentation,5/31/2024,tluszcze,Honorable,161.33,840,Skibox,small
732,D,Memento,negotiation,11/13/2025,produkty zbozowe,Mrs,812.66,66,Voonyx,small
733,J,Heart of America,lead,11/10/2025,produkty zbozowe,Mrs,600.13,380,Gigashots,large
734,E,Two Rode Together,lost,6/19/2024,mieso,Mrs,498.4,131,Skyvu,large
735,L,"Mourning Forest, The (Mogari no mori)",demo,6/13/2025,jaja,Mr,991.93,505,Gabspot,medium
736,D,Return of the Living Dead Part II,qualification,5/10/2025,ryby,Dr,462.05,434,Rhynyx,medium
737,L,"Foreigner, The",presentation,7/6/2025,warzywa i owoce,Mr,448.58,980,Fatz,medium
738,C,Hell and High Water,lead,11/9/2024,warzywa i owoce,Honorable,731.9,227,Edgeclub,medium
739,C,Mom's Night Out,negotiation,1/16/2025,mleko i produkty mleczne,Mr,160.77,727,Mycat,small
740,C,Sugar & Spice,won,9/17/2025,mleko i produkty mleczne,Mrs,177.53,425,Kwideo,large
741,A,Love Stinks,lead,8/9/2024,ryby,Dr,867.51,250,Topiclounge,small
742,B,Menace II Society,presentation,11/6/2024,mleko i produkty mleczne,Mr,911.04,646,Trupe,medium
743,F,Ten Seconds to Hell,lead,4/20/2024,ryby,Ms,774.98,293,Zooxo,medium
744,A,A Fugitive from the Past,presentation,7/26/2024,ryby,Mr,535.93,362,Blognation,large
745,C,Small Wonders,presentation,12/20/2025,mieso,Mrs,294.48,322,Thoughtstorm,large
746,H,Partly Cloudy,lead,1/16/2026,wedliny,Honorable,659.69,604,Kwideo,large
747,F,The Story of Robin Hood and His Merrie Men,presentation,5/15/2025,produkty zbozowe,Mrs,85.31,751,Kwideo,small
748,B,The Care Bears Adventure in Wonderland,won,8/21/2025,mieso,Ms,489,520,Photolist,medium
749,C,Kevin Hart: Let Me Explain,demo,12/16/2025,warzywa i owoce,Mrs,192.58,802,Vitz,large
750,E,Wagons East,negotiation,11/23/2024,mleko i produkty mleczne,Mr,482.93,51,Devbug,medium
751,D,Tribute to a Bad Man,qualification,9/22/2025,warzywa i owoce,Ms,419.41,58,Skyvu,medium
752,L,Fallout,lost,8/26/2025,jaja,Honorable,855.61,719,Wordware,medium
753,H,"Hired Hand, The",lost,12/3/2025,ryby,Ms,577.48,404,Zoozzy,small
754,J,"Notebook, The (A nagy füzet)",demo,10/15/2025,jaja,Rev,308.52,36,Yoveo,medium
755,C,Undertaking Betty (Plots with a View),negotiation,8/11/2024,wedliny,Mrs,894.27,142,Tanoodle,medium
756,J,While the City Sleeps,negotiation,11/15/2024,warzywa i owoce,Mr,981.8,436,Kwideo,large
757,D,Operation Daybreak,lost,10/6/2024,ryby,Rev,501.48,580,Photofeed,large
758,C,Fury,qualification,1/14/2025,wedliny,Honorable,513.74,308,Gigaclub,medium
759,D,Trojan War,negotiation,12/18/2024,wedliny,Mrs,507.56,888,Thoughtsphere,medium
760,I,I Can't Think Straight,presentation,6/25/2024,produkty zbozowe,Rev,656.94,593,Eire,small
761,D,Cthulhu,lost,12/3/2024,tluszcze,Dr,198.54,165,Kaymbo,small
762,J,West of Memphis,negotiation,1/21/2026,jaja,Mrs,69.77,86,Tazzy,large
763,H,Treasure of the Four Crowns,lead,3/25/2025,jaja,Rev,498.22,642,Vidoo,large
764,H,"Cold Light of Day, The",lead,6/14/2024,ryby,Dr,410.81,777,Trupe,medium
765,F,"Dead Man and Being Happy, The (El muerto y ser feliz)",negotiation,5/24/2024,wedliny,Mr,957.44,280,Voomm,large
766,H,"American Astronaut, The",presentation,9/4/2024,ryby,Honorable,938.58,470,Gevee,medium
767,K,This Must Be the Place,won,2/6/2025,ryby,Mr,1000,418,Edgetag,small
768,A,Party Monster,demo,3/1/2025,produkty zbozowe,Ms,591.46,878,Eare,medium
769,K,Once Upon a Time in Shanghai,demo,9/14/2024,produkty zbozowe,Rev,457.31,891,Quire,large
770,J,"Terminal Man, The",presentation,6/16/2025,ryby,Ms,845.78,374,Jaxworks,small
771,B,Blue Hawaii,presentation,8/12/2025,ryby,Dr,811.06,864,Voomm,small
772,B,Run of the Arrow,won,3/26/2025,mieso,Dr,523.29,571,Geba,large
773,A,Tere Naam,lead,7/13/2024,mieso,Rev,936.45,138,Twitternation,large
774,K,Blue Week (Sininen viikko),demo,9/4/2024,jaja,Ms,156.52,994,Flipopia,large
775,C,Once a Thief (Zong heng si hai),lead,2/26/2025,jaja,Rev,386.2,790,Quamba,large
776,J,Crave,lead,11/1/2025,mieso,Mr,341.45,439,Pixope,medium
777,D,Female Perversions,presentation,6/6/2024,jaja,Dr,984.36,826,Jamia,medium
778,B,"Mangler, The",negotiation,7/3/2024,ryby,Mrs,961.66,574,Dynabox,small
779,I,Hadersfild (Huddersfield),lost,5/24/2025,jaja,Mrs,943.28,245,Ntags,medium
780,D,"Dead Outside, The",qualification,6/18/2025,produkty zbozowe,Rev,82.26,614,Avavee,small
781,I,Greedy,presentation,8/11/2024,ryby,Mr,258.07,62,Zoovu,large
782,J,Waiting Women (Kvinnors väntan),presentation,7/28/2024,produkty zbozowe,Mr,334.68,678,Meembee,small
783,E,"Music Never Stopped, The",demo,8/17/2025,jaja,Mrs,202.57,741,Devpulse,small
784,E,"Tale of Two Sisters, A (Janghwa, Hongryeon)",qualification,8/11/2025,ryby,Ms,268.77,884,Jetwire,small
785,D,Sherlock Holmes and the Voice of Terror,won,5/30/2025,wedliny,Mrs,297.94,2,Tanoodle,large
786,L,Keith,demo,5/7/2024,warzywa i owoce,Ms,879.78,765,Demivee,large
787,H,Pierrot le fou,qualification,6/30/2024,produkty zbozowe,Mrs,102,154,Jaloo,small
788,E,The Golden Voyage of Sinbad,lead,8/15/2025,wedliny,Ms,461.67,588,Edgepulse,large
789,A,Samsara,demo,10/12/2024,wedliny,Rev,230.48,333,Rooxo,small
790,F,Modris,qualification,12/4/2025,ryby,Ms,644.88,179,Zoomzone,small
791,I,"Man Who Loved Women, The",negotiation,3/7/2024,warzywa i owoce,Mrs,957.66,59,Abata,medium
792,K,"Perks of Being a Wallflower, The",qualification,3/21/2025,ryby,Ms,227.16,518,Yozio,small
793,J,Colombiana,presentation,1/13/2025,jaja,Rev,937.48,147,Zoonder,large
794,H,Dominion Tank Police (Dominion),won,11/28/2024,produkty zbozowe,Dr,336.93,675,Voolith,large
795,J,Talhotblond:,negotiation,3/17/2025,mieso,Rev,472.23,72,Pixonyx,medium
796,L,"Other Dream Team, The",lead,4/5/2024,ryby,Mrs,396.56,325,Kayveo,medium
797,G,Vampires,won,11/24/2025,wedliny,Rev,963.48,912,Zoomcast,large
798,E,Monsieur Vincent,presentation,2/15/2025,ryby,Mr,455.61,124,Katz,medium
799,C,"Paperboy, The",demo,9/21/2024,produkty zbozowe,Dr,421.68,216,Riffpath,large
800,I,Detroit Metal City (Detoroito Metaru Shiti),won,3/8/2024,tluszcze,Mr,62.45,539,Brainbox,small
801,C,People I Know,won,9/11/2025,ryby,Dr,101.18,863,Trilia,small
802,C,Perfume: The Story of a Murderer,demo,1/30/2026,mieso,Ms,124.44,292,Jabbersphere,small
803,G,Michael Shayne: Private Detective,negotiation,10/2/2025,ryby,Mr,285.17,23,Skipfire,large
804,E,Harry Potter and the Sorcerer's Stone (a.k.a. Harry Potter and the Philosopher's Stone),lost,2/17/2025,mleko i produkty mleczne,Ms,641.04,806,Thoughtbridge,medium
805,B,Once Upon a Time in Queens,won,8/15/2025,mieso,Mr,326.26,362,Jaxworks,medium
806,J,Rocky IV,lead,6/8/2024,mleko i produkty mleczne,Mr,304.46,573,Devpoint,small
807,D,"Last Run, The",presentation,12/13/2024,warzywa i owoce,Mr,750.34,995,Eare,large
808,C,Howard Zinn: You Can't Be Neutral on a Moving Train,lost,3/24/2025,warzywa i owoce,Honorable,160.59,294,Kwideo,medium
809,F,You Only Live Twice,negotiation,4/14/2025,produkty zbozowe,Honorable,787.37,646,Kamba,small
810,J,Drug War (Du zhan),lead,3/22/2025,mieso,Mr,511.89,615,Livetube,small
811,K,Hillbillys in a Haunted House,presentation,12/17/2025,warzywa i owoce,Rev,274.03,911,Topicblab,medium
812,A,They,qualification,2/14/2025,mleko i produkty mleczne,Ms,603.13,318,Yadel,medium
813,G,Larger Than Life,lost,9/14/2025,mleko i produkty mleczne,Honorable,818.31,726,Eidel,large
814,G,"Borrowers, The",lost,3/26/2025,jaja,Mr,828.25,149,Avavee,large
815,D,Dreaming of Joseph Lees,lost,10/11/2024,wedliny,Dr,520.56,314,Riffpath,large
816,C,Deep End,demo,10/4/2025,tluszcze,Mrs,552.66,627,Feedspan,large
817,E,Sex & the Other Man,negotiation,6/29/2025,mieso,Ms,214.93,651,Thoughtsphere,small
818,G,"Strawberry Blonde, The",won,10/7/2024,wedliny,Ms,26.38,111,Skiba,large
819,C,"Heaven Knows, Mr. Allison",lost,7/25/2024,mleko i produkty mleczne,Mr,245.64,986,Nlounge,large
820,H,Toronto Stories,presentation,4/18/2025,ryby,Mr,217.55,116,Eare,medium
821,B,Like Mike 2: Streetball,presentation,11/23/2025,wedliny,Dr,19.32,536,Livetube,large
822,J,"American Werewolf in Paris, An",won,7/31/2024,produkty zbozowe,Dr,198.48,216,Cogibox,large
823,F,Darkness Falls,negotiation,12/26/2025,warzywa i owoce,Mr,547.61,729,Trudeo,large
824,C,"Magnificent Seven, The",lead,5/1/2024,warzywa i owoce,Mr,123.69,247,Ainyx,small
825,A,Night Catches Us,negotiation,2/10/2025,wedliny,Rev,104.69,897,Voonix,small
826,K,Love Games,lost,9/7/2025,tluszcze,Dr,88.72,473,Browsetype,medium
827,C,Barenaked in America,lead,8/7/2024,produkty zbozowe,Mr,933.74,173,Topicshots,medium
828,I,"House I Live In, The",negotiation,7/19/2025,tluszcze,Ms,143.71,196,Rhybox,large
829,K,Double Jeopardy,negotiation,2/12/2025,jaja,Rev,11.75,861,Browsedrive,large
830,I,"Grudge 3, The",presentation,1/24/2025,jaja,Ms,966.96,257,Brightbean,small
831,A,Liberty Heights,won,5/11/2025,mieso,Dr,347.14,301,Jayo,medium
832,H,"Me, Myself and Mum (Les garçons et Guillaume, à table!)",lead,5/23/2024,jaja,Rev,239.58,39,Izio,small
833,A,For Your Consideration,demo,7/8/2024,warzywa i owoce,Rev,678.29,184,Bubblebox,medium
834,C,My Mother's Courage (Mutters Courage),qualification,4/11/2024,jaja,Ms,870.95,948,Zoomdog,large
835,J,"Princess Diaries, The",negotiation,12/5/2024,ryby,Rev,3.56,17,Wikizz,large
836,F,"Return of Frank Cannon, The",qualification,9/8/2025,mleko i produkty mleczne,Ms,460.66,241,Tagcat,medium
837,H,Bikes vs Cars,lost,9/25/2025,jaja,Rev,202.58,382,Dabjam,medium
838,G,Dead Man,qualification,2/4/2025,ryby,Dr,204.28,39,Linklinks,small
839,G,Cemetery Junction,lost,11/16/2025,produkty zbozowe,Honorable,887.31,122,Tekfly,medium
840,H,Hold Back the Dawn,demo,8/30/2025,mieso,Rev,373.14,927,Vinder,large
841,J,The Stanford Prison Experiment,qualification,10/3/2025,produkty zbozowe,Ms,623.86,773,Kwideo,medium
842,J,Running,lost,1/27/2026,wedliny,Rev,447.37,758,Roomm,small
843,D,"Eye Above the Well, The (Het oog boven de put)",won,7/2/2025,tluszcze,Dr,486.46,858,Mynte,large
844,D,Babe: Pig in the City,qualification,6/20/2024,wedliny,Mrs,397.83,264,Zoomlounge,small
845,G,Luxo Jr.,presentation,8/9/2025,mleko i produkty mleczne,Dr,898.39,769,Oyoloo,medium
846,B,3 Idiots,negotiation,3/1/2025,mleko i produkty mleczne,Honorable,491.89,527,Oyoyo,medium
847,E,South Pacific,lost,10/29/2025,jaja,Honorable,324.42,93,Blogpad,large
848,H,Super Hero Party Clown,negotiation,4/15/2024,wedliny,Mr,152.34,845,Zoomzone,small
849,C,Hippocrates,qualification,10/26/2024,produkty zbozowe,Honorable,40.36,246,Realmix,large
850,D,Under Capricorn,negotiation,7/18/2025,ryby,Mr,298.19,674,Quatz,large
851,C,Miracle Run,lead,4/12/2024,tluszcze,Honorable,522.39,560,Trilia,medium
852,D,"Saint, The",presentation,5/14/2024,warzywa i owoce,Ms,53.61,165,Jetwire,large
853,B,"Average Little Man, An (Un borghese piccolo piccolo)",lead,7/1/2025,produkty zbozowe,Mr,624.33,756,Twitternation,small
854,H,Born Free,lost,7/21/2024,tluszcze,Dr,939.56,355,Jabbersphere,small
855,I,Delhi-6,qualification,5/6/2025,ryby,Ms,883.88,106,Yambee,large
856,I,Charlie Brown's Christmas Tales,qualification,10/5/2025,warzywa i owoce,Ms,570.46,114,Kamba,large
857,B,"War Comes to America (Why We Fight, 7)",negotiation,3/19/2025,mleko i produkty mleczne,Honorable,904.25,18,Voonder,large
858,I,"Union: The Business Behind Getting High, The",negotiation,10/24/2024,mieso,Mrs,13.43,32,Zoombeat,large
859,A,Like Dandelion Dust,qualification,1/11/2025,ryby,Ms,494.06,768,Mydeo,large
860,I,Blow Dry (a.k.a. Never Better),won,11/17/2025,jaja,Honorable,150.41,91,Omba,medium
861,C,Lord of War,demo,5/4/2024,wedliny,Honorable,721.87,224,Quire,medium
862,D,Brothers of the Head,negotiation,8/4/2024,jaja,Mrs,963.2,363,Vimbo,small
863,F,Zero Day,lost,7/26/2025,mleko i produkty mleczne,Dr,216.17,384,Gabcube,small
864,L,Bless the Beasts & Children,negotiation,12/10/2025,wedliny,Mrs,266.32,201,Plajo,large
865,K,Blood Games ,presentation,12/18/2024,mleko i produkty mleczne,Honorable,504.99,508,Quire,medium
866,I,Ring of Darkness,won,7/8/2025,ryby,Ms,4.56,831,Izio,medium
867,I,Knife in the Water (Nóz w wodzie),presentation,9/6/2025,jaja,Ms,863.75,725,Tazzy,medium
868,H,Peter Ibbetson,presentation,9/3/2024,wedliny,Ms,115.5,898,Linkbuzz,medium
869,A,House of Sand and Fog,negotiation,6/2/2025,wedliny,Ms,724.59,241,Cogilith,medium
870,F,Love Affair,lead,11/9/2024,produkty zbozowe,Mr,389.25,315,Bubblebox,large
871,D,Comin' at Ya!,negotiation,4/13/2025,mieso,Rev,725.98,757,Eayo,small
872,D,Carve Her Name with Pride,demo,9/2/2025,jaja,Honorable,354.85,68,Meemm,medium
873,H,Gone in 60 Seconds,negotiation,7/1/2024,mleko i produkty mleczne,Ms,714.51,13,Einti,medium
874,L,Justice League: The Flashpoint Paradox,lead,9/15/2025,tluszcze,Ms,285.83,934,Bluezoom,large
875,J,11.6,won,12/4/2024,produkty zbozowe,Honorable,124.97,763,Abata,medium
876,G,Solaris,negotiation,4/26/2024,tluszcze,Mr,372.72,194,Yombu,small
877,L,Leila,qualification,10/4/2025,mieso,Honorable,296.04,971,Edgeify,large
878,F,Journey to the Sun (Günese yolculuk),lead,5/26/2024,mieso,Honorable,440.45,155,Skivee,large
879,D,Slaughter of the Innocents,lead,1/29/2026,warzywa i owoce,Honorable,231.08,659,Devcast,small
880,B,Porky's,lead,1/19/2026,mieso,Honorable,139.84,13,Topicware,large
881,A,"Woman, a Gun and a Noodle Shop, A (San qiang pai an jing qi)",qualification,1/11/2026,wedliny,Dr,60.37,970,Dablist,medium
882,G,Five Children and It,qualification,12/25/2024,mleko i produkty mleczne,Rev,512.15,27,Voolith,medium
883,I,Play the Game,lead,10/2/2025,mleko i produkty mleczne,Mr,231,312,Yozio,large
884,L,"Company, The",lost,7/6/2025,tluszcze,Ms,813.64,265,Topicware,small
885,D,Queen of Hearts,negotiation,7/5/2024,ryby,Mrs,715.16,346,Realbridge,medium
886,I,Sleeping Beauty,negotiation,1/6/2026,tluszcze,Mrs,841.78,390,Thoughtblab,large
887,D,Cimarron,qualification,10/15/2024,wedliny,Honorable,485.95,22,Brainbox,medium
888,K,V/H/S,lead,6/28/2024,wedliny,Ms,907.48,589,Minyx,medium
889,B,Tank,lost,1/10/2025,warzywa i owoce,Ms,966.31,177,Voomm,small
890,F,Bachelor Party,demo,9/30/2025,warzywa i owoce,Rev,332.16,876,Innotype,large
891,H,Vacuum-Cleaner Salesmen (Pölynimurikauppiaat),lost,8/3/2024,mieso,Honorable,89.3,318,Tagfeed,medium
892,E,Sniper: Reloaded ,lost,3/19/2025,jaja,Mr,872.17,341,Skipfire,small
893,G,Country Life,lost,7/20/2024,warzywa i owoce,Rev,893.03,731,Flipstorm,large
894,C,Comrades,lost,5/15/2024,jaja,Rev,612.32,142,Mynte,large
895,D,Children Underground,lost,5/2/2025,warzywa i owoce,Rev,713.35,619,Vinte,small
896,B,No Such Thing,qualification,7/31/2024,mieso,Dr,720.81,415,Avaveo,large
897,A,Bugs Bunny's 3rd Movie: 1001 Rabbit Tales,lost,5/30/2025,tluszcze,Dr,154.79,421,Skipfire,small
898,E,Three Men and a Little Lady,qualification,5/31/2024,produkty zbozowe,Honorable,205.11,706,Lazz,small
899,I,Manufactured Landscapes,negotiation,1/30/2026,mieso,Rev,966.11,143,Tagtune,small
900,G,"Outside Man, The (Un homme est mort)",lead,3/29/2025,warzywa i owoce,Mr,32.13,665,Thoughtworks,large
901,I,Babes on Broadway,demo,11/24/2024,ryby,Honorable,387.6,217,Ntags,large
902,H,"Easy Riders, Raging Bulls: How the Sex, Drugs and Rock 'N' Roll Generation Saved Hollywood",won,1/14/2025,produkty zbozowe,Dr,368.03,99,Devshare,small
903,G,Echelon Conspiracy,lead,10/6/2025,wedliny,Mrs,827.97,92,Brainbox,medium
904,J,Tango,presentation,7/31/2025,mleko i produkty mleczne,Honorable,192.39,582,Realpoint,large
905,G,"Last American Virgin, The",won,2/22/2025,mleko i produkty mleczne,Ms,357.06,371,Cogibox,medium
906,G,"Year and a Half in the Life of Metallica, A",won,3/29/2025,mieso,Dr,954.77,42,Avavee,large
907,H,"Hunters, The",qualification,12/9/2024,mieso,Honorable,118.82,793,Oyoba,large
908,D,"Gymnast, The",negotiation,4/7/2024,jaja,Ms,736.38,919,Kwimbee,medium
909,A,Taste the Blood of Dracula,lead,11/18/2025,ryby,Rev,181.83,196,Yombu,medium
910,H,Toy Story Toons: Small Fry,demo,12/7/2024,mieso,Ms,632.55,39,Wordpedia,large
911,H,Scanners,lost,9/22/2024,wedliny,Dr,642.98,497,Realfire,large
912,L,Medicine for Melancholy,lead,12/21/2025,wedliny,Rev,754.47,63,Viva,large
913,K,Sense & Sensibility,lead,6/3/2025,ryby,Dr,605.32,930,DabZ,small
914,D,The Halloween That Almost Wasn't,won,3/24/2024,mieso,Ms,341.9,161,Tagchat,small
915,G,Lovely & Amazing,lead,10/27/2024,mleko i produkty mleczne,Dr,334.1,398,Wikizz,medium
916,D,Amityville 1992: It's About Time,negotiation,8/21/2025,tluszcze,Rev,789.16,361,Tagfeed,medium
917,C,"The Tree, the Mayor and the Mediatheque",won,4/22/2025,warzywa i owoce,Mrs,239.44,348,Roomm,medium
918,A,Happy End,won,12/17/2025,tluszcze,Mr,826.19,807,Blogtags,small
919,D,"March of the Penguins (Marche de l'empereur, La)",won,5/24/2024,tluszcze,Mr,930.65,757,Devshare,medium
920,G,"Lair of the White Worm, The",negotiation,2/12/2025,mleko i produkty mleczne,Mr,416.35,815,Zooxo,large
921,L,Across to Singapore,lost,3/9/2024,jaja,Rev,300.39,891,Jaxbean,large
922,B,Fear Clinic,lost,4/18/2024,warzywa i owoce,Honorable,631.08,995,Youspan,medium
923,G,Yves Saint Laurent,lost,12/10/2024,wedliny,Ms,341.75,632,Abatz,large
924,H,As You Like It,negotiation,8/8/2024,wedliny,Ms,350.67,526,Ozu,large
925,I,"American Astronaut, The",negotiation,2/8/2025,mieso,Honorable,529.27,268,Edgeify,small
926,I,Witch's Night Out,presentation,10/1/2024,mleko i produkty mleczne,Ms,246.88,370,Yodo,large
927,C,Mission London,lead,9/5/2024,mleko i produkty mleczne,Ms,415.57,295,Yacero,large
928,F,"Luna, La",presentation,6/13/2025,mleko i produkty mleczne,Honorable,515.59,826,Thoughtstorm,medium
929,G,Iran Is Not the Problem,qualification,6/13/2025,mleko i produkty mleczne,Ms,65.1,35,Skyndu,medium
930,L,Going Down in LA-LA Land,won,6/10/2025,produkty zbozowe,Honorable,450.89,299,Kazio,medium
931,D,Where the Road Meets the Sun,demo,7/4/2025,ryby,Dr,506.43,5,Zava,large
932,C,"History of Violence, A",lost,8/23/2025,jaja,Dr,875.97,566,Thoughtworks,small
933,B,Lock Up,presentation,9/10/2024,mieso,Mrs,562.98,67,Abata,small
934,K,"Hunting and Gathering (Ensemble, c'est tout)",won,10/19/2024,tluszcze,Honorable,987.37,668,Photospace,large
935,F,"Sea of Grass, The",lead,3/13/2025,ryby,Mrs,47.9,140,Myworks,small
936,G,Filmistaan,lost,7/6/2025,wedliny,Honorable,265.57,313,Voomm,medium
937,K,Valentino: The Last Emperor,negotiation,3/26/2024,produkty zbozowe,Ms,381.1,702,Skaboo,large
938,D,Captain January,qualification,10/12/2024,mleko i produkty mleczne,Ms,448.05,512,Flashdog,large
939,H,Wuthering Heights,qualification,2/23/2025,wedliny,Ms,193.66,626,Vitz,medium
940,C,Buena Vista Social Club,presentation,12/12/2024,produkty zbozowe,Dr,237.57,619,Voonix,large
941,A,"Wonderful, Horrible Life of Leni Riefenstahl, The (Macht der Bilder: Leni Riefenstahl, Die)",demo,3/26/2025,jaja,Honorable,583.6,546,Flipopia,medium
942,A,"Sweet Hereafter, The",demo,11/6/2025,mieso,Rev,367.22,544,Mycat,small
943,C,Hellzapoppin',demo,9/11/2025,warzywa i owoce,Mr,323.72,148,Skimia,medium
944,L,To Grandmother's House We Go,lost,1/18/2025,jaja,Ms,693.04,131,Realmix,small
945,F,Claire Dolan,demo,9/12/2025,produkty zbozowe,Rev,973.61,457,Jabberstorm,small
946,D,Konga,lost,5/21/2024,mleko i produkty mleczne,Ms,570.35,890,Jatri,medium
947,J,Redemption (Hummingbird),presentation,8/3/2024,wedliny,Ms,691.79,298,Feedfire,small
948,D,Seven Ways from Sundown,won,7/17/2024,produkty zbozowe,Honorable,508.04,180,Wordpedia,medium
949,F,Sucker Punch,qualification,7/6/2024,produkty zbozowe,Mr,573.65,697,Jaxbean,medium
950,A,Oh Boy (A Coffee in Berlin),qualification,12/26/2025,jaja,Mrs,301.29,883,Browsedrive,medium
951,F,Hellbound: Hellraiser II,presentation,7/26/2024,mleko i produkty mleczne,Rev,760.2,938,Skajo,large
952,L,El Lobo,qualification,12/13/2025,wedliny,Mr,481.62,810,Dabjam,large
953,J,Saving Face,negotiation,5/5/2025,mleko i produkty mleczne,Mr,448.18,384,Thoughtblab,large
954,K,One Day,demo,12/16/2024,jaja,Ms,370.4,562,Zoonder,large
955,G,I Want to Look Like That Guy,negotiation,9/19/2025,wedliny,Mrs,849.49,801,Kwideo,medium
956,K,"King of Fighters, The",presentation,6/25/2024,produkty zbozowe,Ms,59.97,283,Geba,medium
957,L,I Shot Jesse James,negotiation,12/18/2024,jaja,Ms,244.94,850,Zoozzy,large
958,D,Love (Szerelem),negotiation,7/5/2024,mieso,Mr,824.24,245,Skyndu,large
959,H,Perfume: The Story of a Murderer,demo,12/27/2025,jaja,Honorable,602.52,490,Ailane,small
960,I,Adam and Dog,negotiation,10/8/2024,jaja,Dr,982.88,298,Yakijo,medium
961,C,And Then There Was You,lead,5/11/2025,warzywa i owoce,Mrs,962.39,237,Twiyo,small
962,F,Sister Act,presentation,9/6/2025,tluszcze,Rev,447.59,442,Ainyx,small
963,C,Carriers,lost,10/11/2025,wedliny,Ms,391.43,552,Eabox,medium
964,D,Attack of the Puppet People,won,7/4/2024,mieso,Mr,226.16,49,Wordify,large
965,A,A-Haunting We Will Go,demo,4/6/2025,mieso,Mrs,767.4,294,Vidoo,medium
966,J,Left Behind II: Tribulation Force,presentation,10/3/2024,warzywa i owoce,Mr,204.21,274,Shufflebeat,large
967,D,Two-Way Stretch,lost,8/26/2024,jaja,Rev,477.96,913,Tazz,small
968,J,Hamlet,presentation,10/7/2025,ryby,Rev,101.77,183,Divape,large
969,E,"Boy in the Striped Pajamas, The (Boy in the Striped Pyjamas, The)",demo,1/1/2026,produkty zbozowe,Rev,74.29,814,Flashdog,medium
970,I,Woman of Antwerp,lost,12/29/2024,warzywa i owoce,Dr,943.17,552,Trilith,large
971,J,"Love, Money, Love",qualification,5/15/2025,ryby,Rev,580.52,617,Gigazoom,small
972,I,Sugar Town,won,6/8/2025,tluszcze,Mr,294.7,612,LiveZ,small
973,H,"Corsican File, The (L'enquête corse)",qualification,5/9/2025,ryby,Ms,353.92,1000,Flashdog,medium
974,A,Oxford Blues,lead,10/10/2024,wedliny,Rev,5.8,635,Gevee,medium
975,K,Johnny Tremain,won,5/31/2024,mieso,Mr,459.31,587,Mita,medium
976,H,Southern District (Zona Sur),won,11/13/2024,ryby,Ms,281.62,220,Yabox,small
977,K,Dead Ringers,won,5/17/2024,mleko i produkty mleczne,Honorable,330.98,240,DabZ,small
978,A,"Brain Smasher... A Love Story (Bouncer and the Lady, The)",demo,5/18/2025,mleko i produkty mleczne,Rev,207.49,245,Vinder,small
979,C,"Grudge, The",negotiation,12/6/2025,warzywa i owoce,Ms,598.64,72,Feedspan,small
980,C,Paintball,negotiation,7/23/2024,mleko i produkty mleczne,Mr,751.21,573,Tagchat,large
981,C,Bright Lights (Adventures in Africa),lost,5/12/2025,mieso,Ms,54.13,637,Tavu,large
982,C,Keep Your Distance,demo,9/24/2024,produkty zbozowe,Ms,724.65,756,Quimba,medium
983,A,Shadow Company,lost,7/21/2025,tluszcze,Mr,834.49,117,Twitterbridge,large
984,D,Escape (Flukt),negotiation,8/4/2024,warzywa i owoce,Dr,545.03,858,Flashdog,large
985,K,Vasermil,presentation,8/24/2025,wedliny,Dr,243.72,88,Ntag,small
986,E,Cobra,demo,12/18/2024,wedliny,Mrs,496.76,582,Chatterpoint,medium
987,F,Texas,won,4/21/2024,wedliny,Mr,2.68,114,Voolia,large
988,F,Friend Zone (Pagafantas),lead,6/1/2025,wedliny,Mr,424.71,802,Gabspot,medium
989,K,Freeway II: Confessions of a Trickbaby,demo,6/9/2025,tluszcze,Rev,124.79,324,Lazzy,medium
990,H,Soylent Green,presentation,6/7/2024,jaja,Mrs,969.8,54,Meetz,medium
991,I,Stars,presentation,8/9/2024,tluszcze,Ms,727.43,733,Thoughtworks,small
992,D,"Game Plan, The",qualification,1/15/2026,ryby,Honorable,482.88,25,Quinu,large
993,H,Shara (Sharasojyu),qualification,10/16/2024,mleko i produkty mleczne,Dr,298.72,332,Avavee,medium
994,J,Foxfire,qualification,1/29/2025,warzywa i owoce,Mrs,564.49,924,Innotype,medium
995,J,Once You're Born You Can No Longer Hide (Quando sei nato non puoi più nasconderti),won,12/30/2025,jaja,Dr,173.09,126,Jayo,large
996,F,Mulholland Drive,demo,10/20/2024,tluszcze,Mrs,972.57,624,Wikivu,small
997,A,97 Percent True,lead,5/28/2025,warzywa i owoce,Ms,750.11,865,DabZ,large
998,B,"Notti bianche, Le (White Nights)",won,8/21/2025,produkty zbozowe,Rev,819.69,136,Skynoodle,large
999,K,White House Down,presentation,9/16/2025,mieso,Rev,180.32,960,InnoZ,large
1000,B,Tall Tale,negotiation,4/8/2025,produkty zbozowe,Ms,931.45,564,Vipe,small
